,0,city,hip-hop,total,lat,lng
London,2952,London,428.0,3380.0,51.5073509,-0.1277583
New York,1915,New York,560.0,2475.0,40.7127753,-74.0059728
Los Angeles,933,Los Angeles,247.0,1180.0,34.0522342,-118.2436849
Chicago,778,Chicago,280.0,1058.0,41.8781136,-87.6297982
Paris,810,Paris,151.0,961.0,48.856614,2.3522219
Sydney,687,Sydney,175.0,862.0,-33.8688197,151.2092955
Toronto,716,Toronto,137.0,853.0,43.653226,-79.3831843
Manchester,609,Manchester,175.0,784.0,53.4807593,-2.2426305
Melbourne,613,Melbourne,159.0,772.0,-37.8136276,144.9630576
Philadelphia,586,Philadelphia,176.0,762.0,39.9525839,-75.1652215
San Francisco,573,San Francisco,143.0,716.0,37.7749295,-122.4194155
Hamburg,608,Hamburg,50.0,658.0,53.5510846,9.9936819
Boston,551,Boston,106.0,657.0,42.3600825,-71.0588801
Atlanta,503,Atlanta,135.0,638.0,33.7489954,-84.3879824
Las Vegas,504,Las Vegas,120.0,624.0,36.1699412,-115.1398296
Birmingham,493,Birmingham,83.0,576.0,52.48624299999999,-1.890401
Seattle,484,Seattle,90.0,574.0,47.6062095,-122.3320708
Berlin,476,Berlin,81.0,557.0,52.52000659999999,13.404954
Tokyo,460,Tokyo,88.0,548.0,35.6894875,139.6917064
Detroit,451,Detroit,88.0,539.0,42.331427,-83.0457538
Dallas,430,Dallas,108.0,538.0,32.7766642,-96.79698789999999
Glasgow,452,Glasgow,84.0,536.0,55.864237,-4.251806
Montreal,419,Montreal,111.0,530.0,45.5016889,-73.567256
Liverpool,488,Liverpool,19.0,507.0,43.106456,-76.21770459999999
West Hollywood,456,West Hollywood,29.0,485.0,34.0900091,-118.3617443
Washington,346,Washington,134.0,480.0,47.7510741,-120.7401385
Portland,417,Portland,58.0,475.0,45.5230622,-122.6764815
Hollywood,415,Hollywood,56.0,471.0,34.0928092,-118.3286614
Vancouver,385,Vancouver,81.0,466.0,49.2827291,-123.1207375
San Diego,361,San Diego,90.0,451.0,32.715738,-117.1610838
Austin,312,Austin,126.0,438.0,30.267153,-97.7430608
Denver,340,Denver,71.0,411.0,39.7392358,-104.990251
Amsterdam,306,Amsterdam,102.0,408.0,52.3702157,4.895167900000001
Houston,312,Houston,83.0,395.0,29.7604267,-95.3698028
Cleveland,323,Cleveland,68.0,391.0,41.49932,-81.6943605
Milwaukee,314,Milwaukee,69.0,383.0,43.0389025,-87.9064736
Munich,332,Munich,43.0,375.0,48.1351253,11.5819805
Stockholm,313,Stockholm,57.0,370.0,59.32932349999999,18.0685808
Dublin,279,Dublin,80.0,359.0,53.3498053,-6.2603097
Minneapolis,285,Minneapolis,69.0,354.0,44.977753,-93.2650108
Cologne,308,Cologne,38.0,346.0,50.937531,6.9602786
Columbus,292,Columbus,50.0,342.0,39.9611755,-82.99879419999999
Phoenix,269,Phoenix,71.0,340.0,33.4483771,-112.0740373
New Orleans,241,New Orleans,99.0,340.0,29.95106579999999,-90.0715323
Copenhagen,284,Copenhagen,53.0,337.0,55.6760968,12.5683372
Brisbane,248,Brisbane,88.0,336.0,-27.4697707,153.0251235
Osaka,282,Osaka,41.0,323.0,36.0458512,-95.85226689999999
St. Louis,278,St. Louis,43.0,321.0,38.6270025,-90.19940419999999
Perth,238,Perth,76.0,314.0,-31.9505269,115.8604572
Pittsburgh,266,Pittsburgh,45.0,311.0,40.44062479999999,-79.9958864
Cincinnati,249,Cincinnati,49.0,298.0,39.1031182,-84.5120196
Newcastle,268,Newcastle,29.0,297.0,54.978252,-1.61778
Kansas City,244,Kansas City,32.0,276.0,39.0997265,-94.5785667
Charlotte,224,Charlotte,47.0,271.0,35.2270869,-80.8431267
Auckland,202,Auckland,62.0,264.0,-36.8484597,174.7633315
Mexico City,237,Mexico City,20.0,257.0,19.4326077,-99.133208
Nashville,223,Nashville,31.0,254.0,36.1626638,-86.7816016
Adelaide,198,Adelaide,54.0,252.0,-34.9284989,138.6007456
East Rutherford,202,East Rutherford,50.0,252.0,40.833989,-74.0970865
Barcelona,210,Barcelona,38.0,248.0,41.3850639,2.1734035
Leeds,216,Leeds,31.0,247.0,33.5481597,-86.54442879999999
Orlando,215,Orlando,31.0,246.0,28.5383355,-81.3792365
Brussels,188,Brussels,56.0,244.0,50.8503463,4.3517211
Mansfield,181,Mansfield,61.0,242.0,32.5631924,-97.1416768
Tampa,195,Tampa,46.0,241.0,27.950575,-82.4571776
Madrid,221,Madrid,19.0,240.0,40.4167754,-3.7037902
Sheffield,216,Sheffield,21.0,237.0,53.38112899999999,-1.470085
Mountain View,187,Mountain View,46.0,233.0,37.3860517,-122.0838511
Oslo,188,Oslo,43.0,231.0,59.9138688,10.7522454
Universal City,177,Universal City,51.0,228.0,29.5480071,-98.2911235
Zurich,193,Zurich,34.0,227.0,32.95883120000001,-96.82200449999999
Edmonton,203,Edmonton,20.0,223.0,53.544389,-113.4909267
Indianapolis,178,Indianapolis,44.0,222.0,39.768403,-86.158068
Providence,173,Providence,49.0,222.0,41.8239891,-71.4128343
Oakland,175,Oakland,46.0,221.0,37.8043637,-122.2711137
São Paulo,189,São Paulo,32.0,221.0,-23.5505199,-46.63330939999999
Vienna,193,Vienna,27.0,220.0,48.2081743,16.3738189
Miami,136,Miami,80.0,216.0,25.7616798,-80.1917902
St. Paul,174,St. Paul,36.0,210.0,44.9537029,-93.0899578
Columbia,161,Columbia,46.0,207.0,38.9517053,-92.3340724
Calgary,186,Calgary,17.0,203.0,51.0486151,-114.0708459
Inglewood,183,Inglewood,20.0,203.0,33.9616801,-118.3531311
Sacramento,169,Sacramento,33.0,202.0,38.5815719,-121.4943996
Hartford,168,Hartford,33.0,201.0,41.76371109999999,-72.6850932
Irvine,168,Irvine,32.0,200.0,33.6845673,-117.8265049
Milan,182,Milan,15.0,197.0,45.4642035,9.189982
Salt Lake City,158,Salt Lake City,29.0,187.0,40.7607793,-111.8910474
Moscow,124,Moscow,61.0,185.0,55.755826,37.6172999
Rotterdam,157,Rotterdam,27.0,184.0,51.9244201,4.4777326
Ottawa,141,Ottawa,42.0,183.0,45.4215296,-75.69719309999999
Camden,146,Camden,37.0,183.0,39.9259463,-75.1196199
Clarkston,136,Clarkston,47.0,183.0,42.7351196,-83.4192941
Frankfurt,159,Frankfurt,23.0,182.0,50.1109221,8.6821267
Baltimore,130,Baltimore,51.0,181.0,39.2903848,-76.6121893
Memphis,156,Memphis,24.0,180.0,35.1495343,-90.0489801
Buenos Aires,163,Buenos Aires,17.0,180.0,-34.6036844,-58.3815591
Anaheim,131,Anaheim,43.0,174.0,33.8365932,-117.9143012
Wantagh,130,Wantagh,43.0,173.0,40.6837121,-73.5101258
Reading,145,Reading,27.0,172.0,42.5256563,-71.0952891
Worcester,139,Worcester,30.0,169.0,42.2625932,-71.8022934
San Jose,127,San Jose,42.0,169.0,37.3382082,-121.8863286
San Antonio,146,San Antonio,22.0,168.0,29.4241219,-98.49362819999999
Brighton,144,Brighton,23.0,167.0,,
Cardiff,146,Cardiff,18.0,164.0,51.48158100000001,-3.17909
Bristol,133,Bristol,30.0,163.0,,
Tinley Park,122,Tinley Park,41.0,163.0,41.5731442,-87.7932939
Nottingham,143,Nottingham,19.0,162.0,52.95478319999999,-1.1581086
Winnipeg,144,Winnipeg,17.0,161.0,49.895136,-97.13837439999999
Helsinki,137,Helsinki,24.0,161.0,60.16985569999999,24.9383791
Louisville,140,Louisville,20.0,160.0,38.2526647,-85.7584557
Rosemont,129,Rosemont,30.0,159.0,41.98675069999999,-87.8721602
Rio de Janeiro,130,Rio de Janeiro,27.0,157.0,-22.9068467,-43.1728965
Lisbon,136,Lisbon,19.0,155.0,38.7222524,-9.1393366
Berkeley,144,Berkeley,11.0,155.0,37.8718992,-122.2585399
Prague,124,Prague,30.0,154.0,50.0755381,14.4378005
Atlantic City,117,Atlantic City,36.0,153.0,39.3642834,-74.4229266
Oklahoma City,131,Oklahoma City,21.0,152.0,35.4675602,-97.5164276
Buffalo,121,Buffalo,31.0,152.0,42.88644679999999,-78.8783689
Raleigh,121,Raleigh,30.0,151.0,35.7795897,-78.6381787
Edinburgh,139,Edinburgh,12.0,151.0,55.953252,-3.188267
Nuremberg,134,Nuremberg,14.0,148.0,49.4521018,11.0766654
Albuquerque,129,Albuquerque,18.0,147.0,35.0853336,-106.6055534
Gothenburg,121,Gothenburg,24.0,145.0,57.70887,11.97456
Werchter,121,Werchter,22.0,143.0,50.9712194,4.694200899999999
The Woodlands,121,The Woodlands,22.0,143.0,30.1658207,-95.46126249999999
Santiago,120,Santiago,22.0,142.0,-33.4488897,-70.6692655
Belfast,113,Belfast,29.0,142.0,54.59728500000001,-5.93012
Auburn Hills,111,Auburn Hills,31.0,142.0,42.6875323,-83.2341028
Rome,125,Rome,14.0,139.0,41.9027835,12.4963655
Burbank,134,Burbank,5.0,139.0,34.1808392,-118.3089661
Nagoya,129,Nagoya,10.0,139.0,35.1814464,136.906398
Rochester,125,Rochester,13.0,138.0,43.16103,-77.6109219
Stuttgart,116,Stuttgart,18.0,134.0,48.7758459,9.1829321
West Palm Beach,117,West Palm Beach,16.0,133.0,26.7153424,-80.0533746
Noblesville,114,Noblesville,17.0,131.0,40.0455917,-86.0085955
Madison,122,Madison,9.0,131.0,43.0730517,-89.4012302
Maryland Heights,113,Maryland Heights,16.0,129.0,38.7131073,-90.42984009999999
Brooklyn,55,Brooklyn,73.0,128.0,40.6781784,-73.9441579
Uniondale,95,Uniondale,32.0,127.0,40.7003793,-73.5929056
Holmdel,99,Holmdel,24.0,123.0,40.3451095,-74.18403219999999
Quebec City,103,Quebec City,18.0,121.0,46.8138783,-71.2079809
Long Beach,109,Long Beach,10.0,119.0,33.7700504,-118.1937395
Omaha,108,Omaha,11.0,119.0,41.2523634,-95.99798829999999
Jacksonville,107,Jacksonville,11.0,118.0,30.3321838,-81.65565099999999
Düsseldorf,98,Düsseldorf,18.0,116.0,51.2277411,6.7734556
Budapest,82,Budapest,33.0,115.0,47.497912,19.040235
Tempe,95,Tempe,19.0,114.0,33.4255104,-111.9400054
Norfolk,101,Norfolk,13.0,114.0,36.8507689,-76.28587259999999
Lyon,100,Lyon,14.0,114.0,45.764043,4.835659
Syracuse,94,Syracuse,19.0,113.0,43.0481221,-76.14742439999999
Grand Rapids,102,Grand Rapids,11.0,113.0,42.9633599,-85.6680863
Roskilde,81,Roskilde,28.0,109.0,55.64191,12.087845
Warsaw,54,Warsaw,55.0,109.0,52.2296756,21.0122287
Bristow,74,Bristow,33.0,107.0,38.723303,-77.5367043
Tucson,96,Tucson,11.0,107.0,32.2217429,-110.926479
Indio,58,Indio,48.0,106.0,33.7205771,-116.2155619
Burgettstown,85,Burgettstown,20.0,105.0,40.3820132,-80.3928423
San Bernardino,64,San Bernardino,39.0,103.0,34.1083449,-117.2897652
Chiba,81,Chiba,22.0,103.0,35.6050574,140.1233063
Albany,83,Albany,18.0,101.0,42.6525793,-73.7562317
Saint-Petersburg,65,Saint-Petersburg,36.0,101.0,59.9342802,30.3350986
Tulsa,93,Tulsa,7.0,100.0,36.1539816,-95.99277500000001
Chula Vista,76,Chula Vista,23.0,99.0,32.6400541,-117.0841955
Athens,76,Athens,22.0,98.0,37.9838096,23.7275388
Nürburg,85,Nürburg,13.0,98.0,50.3418803,6.9520304
Landover,91,Landover,7.0,98.0,38.9340002,-76.8966397
Hanover,91,Hanover,6.0,97.0,38.7192502,-85.4623681
Sunrise,72,Sunrise,24.0,96.0,26.1669711,-80.25659499999999
George,67,George,29.0,96.0,-33.9881281,22.4529878
Wolverhampton,92,Wolverhampton,4.0,96.0,,
Fresno,78,Fresno,16.0,94.0,36.7468422,-119.7725868
Cuyahoga Falls,84,Cuyahoga Falls,10.0,94.0,41.1339449,-81.48455849999999
Morrison,65,Morrison,29.0,94.0,39.6535988,-105.1910996
Dortmund,92,Dortmund,2.0,94.0,51.5135872,7.465298100000001
Oxford,83,Oxford,10.0,93.0,,
Knoxville,87,Knoxville,6.0,93.0,35.9606384,-83.9207392
Santa Barbara,83,Santa Barbara,10.0,93.0,34.4208305,-119.6981901
Richmond,80,Richmond,12.0,92.0,37.5407246,-77.4360481
Greenwood Village,65,Greenwood Village,26.0,91.0,39.6172101,-104.9508141
Cambridge,79,Cambridge,12.0,91.0,,
Bonner Springs,76,Bonner Springs,14.0,90.0,39.059726,-94.8835754
Virginia Beach,71,Virginia Beach,19.0,90.0,,
St. Petersburg,68,St. Petersburg,20.0,88.0,59.9342802,30.3350986
Springfield,84,Springfield,3.0,87.0,42.1014831,-72.589811
Uncasville,69,Uncasville,16.0,85.0,,
Antwerp,62,Antwerp,23.0,85.0,51.2194475,4.4024643
Honolulu,77,Honolulu,8.0,85.0,21.3069444,-157.8583333
Pilton,59,Pilton,24.0,83.0,51.16572530000001,-2.589688
Southampton,79,Southampton,4.0,83.0,,
New Haven,69,New Haven,12.0,81.0,41.308274,-72.9278835
East Troy,73,East Troy,8.0,81.0,42.7852922,-88.40509600000001
Assago,73,Assago,8.0,81.0,45.4061985,9.1239694
Portsmouth,76,Portsmouth,4.0,80.0,50.8197675,-1.0879769
Hasselt,54,Hasselt,26.0,80.0,50.93069,5.332479999999999
Monterrey,67,Monterrey,11.0,78.0,,
Wellington,65,Wellington,13.0,78.0,-41.2864603,174.776236
West Valley,62,West Valley,16.0,78.0,40.6916132,-112.0010501
Fairfax,62,Fairfax,16.0,78.0,38.84622359999999,-77.30637329999999
Saskatoon,66,Saskatoon,9.0,75.0,52.1332144,-106.6700458
Reno,66,Reno,9.0,75.0,39.5296329,-119.8138027
Singapore,60,Singapore,13.0,73.0,1.352083,103.819836
Hershey,67,Hershey,5.0,72.0,,
Bournemouth,69,Bournemouth,2.0,71.0,,
Gold Coast,42,Gold Coast,29.0,71.0,-28.016667,153.4
Newport,53,Newport,18.0,71.0,41.4901024,-71.3128285
Landgraaf,64,Landgraaf,6.0,70.0,50.8927646,6.0224085
Upper Darby,67,Upper Darby,3.0,70.0,39.957902,-75.3076883
El Paso,61,El Paso,7.0,68.0,,
Tacoma,54,Tacoma,12.0,66.0,,
Greensboro,51,Greensboro,14.0,65.0,36.0726354,-79.7919754
Santa Monica,62,Santa Monica,3.0,65.0,34.0194543,-118.4911912
Kinross,48,Kinross,17.0,65.0,46.2778265,-84.50789230000001
Offenbach,56,Offenbach,9.0,65.0,,
Biddinghuizen,48,Biddinghuizen,16.0,64.0,,
Darien Center,55,Darien Center,9.0,64.0,42.9011708,-78.38863119999999
Saratoga Springs,58,Saratoga Springs,6.0,64.0,43.0831301,-73.7845651
Des Moines,59,Des Moines,4.0,63.0,41.6005448,-93.6091064
Duluth,51,Duluth,12.0,63.0,46.78667189999999,-92.1004852
Spokane,58,Spokane,4.0,62.0,47.6587802,-117.4260465
Leipzig,54,Leipzig,8.0,62.0,,
Asbury Park,56,Asbury Park,6.0,62.0,,
Grand Prairie,54,Grand Prairie,8.0,62.0,,
Pontiac,50,Pontiac,11.0,61.0,42.6389216,-83.29104679999999
Foxborough,53,Foxborough,8.0,61.0,,
Montreux,39,Montreux,21.0,60.0,,
Norwich,47,Norwich,13.0,60.0,43.7153482,-72.307869
Bloomington,57,Bloomington,2.0,59.0,39.165325,-86.52638569999999
Coventry,55,Coventry,4.0,59.0,52.406822,-1.519693
Lincoln,48,Lincoln,11.0,59.0,40.8257625,-96.6851982
Lille,55,Lille,3.0,58.0,,
Lexington,52,Lexington,6.0,58.0,38.0405837,-84.5037164
Naas,42,Naas,16.0,58.0,53.2205654,-6.659307999999999
Champaign,44,Champaign,14.0,58.0,40.1164204,-88.2433829
Toledo,54,Toledo,3.0,57.0,,
Mannheim,52,Mannheim,5.0,57.0,,
Newark,52,Newark,5.0,57.0,40.6895314,-74.1744624
Aberdeen,52,Aberdeen,5.0,57.0,,
Scheeßel,51,Scheeßel,5.0,56.0,53.1697267,9.4870781
Kraków,16,Kraków,40.0,56.0,50.06465009999999,19.9449799
Seoul,45,Seoul,11.0,56.0,37.566535,126.9779692
Antioch,46,Antioch,10.0,56.0,38.0049214,-121.805789
Dayton,53,Dayton,3.0,56.0,,
Marseille,45,Marseille,11.0,56.0,,
Daly City,53,Daly City,3.0,56.0,37.6879241,-122.4702079
Utrecht,47,Utrecht,8.0,55.0,52.09073739999999,5.1214201
Boise,48,Boise,7.0,55.0,43.6187102,-116.2146068
Fort Lauderdale,45,Fort Lauderdale,9.0,54.0,,
Peoria,49,Peoria,5.0,54.0,,
Essen,51,Essen,2.0,53.0,,
Fukuoka,49,Fukuoka,4.0,53.0,33.5903547,130.4017155
Fort Wayne,51,Fort Wayne,2.0,53.0,,
Yokohama,50,Yokohama,3.0,53.0,35.4437078,139.6380256
Bethlehem,45,Bethlehem,8.0,53.0,,
Stafford,41,Stafford,12.0,53.0,29.6160671,-95.55772209999999
Chelmsford,40,Chelmsford,13.0,53.0,42.5998139,-71.3672838
University Park,34,University Park,18.0,52.0,32.8550377,-96.797592
Lake Buena Vista,43,Lake Buena Vista,9.0,52.0,,
Charleston,50,Charleston,2.0,52.0,32.7764749,-79.93105120000001
Frauenfeld,10,Frauenfeld,41.0,51.0,,
Yuzawa,34,Yuzawa,17.0,51.0,36.93402469999999,138.8174402
Fort Worth,46,Fort Worth,5.0,51.0,,
Belgrade,18,Belgrade,32.0,50.0,,
Scranton,39,Scranton,11.0,50.0,41.408969,-75.66241219999999
Tel Aviv,37,Tel Aviv,13.0,50.0,32.0852999,34.78176759999999
Bologna,44,Bologna,6.0,50.0,,
Bogotá,43,Bogotá,6.0,49.0,4.710988599999999,-74.072092
Little Rock,47,Little Rock,2.0,49.0,34.7464809,-92.28959479999999
Katowice,30,Katowice,19.0,49.0,,
Tilburg,41,Tilburg,8.0,49.0,51.58525280000001,5.056375
Glendale,38,Glendale,11.0,49.0,34.1425078,-118.255075
Porto Alegre,45,Porto Alegre,3.0,48.0,-30.0346471,-51.2176584
Hampton,36,Hampton,12.0,48.0,,
Concord,41,Concord,7.0,48.0,42.4603719,-71.3489484
Council Bluffs,38,Council Bluffs,10.0,48.0,,
Pensacola,46,Pensacola,2.0,48.0,30.42130899999999,-87.2169149
Milton Keynes,43,Milton Keynes,4.0,47.0,,
Nijmegen,46,Nijmegen,1.0,47.0,51.8125626,5.8372264
Zagreb,33,Zagreb,14.0,47.0,45.8150108,15.9819189
Wheatland,42,Wheatland,5.0,47.0,42.0544141,-104.9527501
Valencia,43,Valencia,4.0,47.0,,
Halifax,41,Halifax,6.0,47.0,,
Turin,41,Turin,5.0,46.0,45.070312,7.686856499999999
Moline,42,Moline,4.0,46.0,41.5067003,-90.51513419999999
Hamilton,45,Hamilton,1.0,46.0,39.3995008,-84.5613355
Randalls Island,20,Randalls Island,25.0,45.0,40.7932271,-73.92128579999999
Amherst,33,Amherst,12.0,45.0,42.3709104,-72.5170028
Costa Mesa,39,Costa Mesa,6.0,45.0,,
Neuhausen ob Eck,41,Neuhausen ob Eck,3.0,44.0,47.9713967,8.9300109
Basel,40,Basel,4.0,44.0,,
Wrocław,8,Wrocław,36.0,44.0,,
Belfort,32,Belfort,12.0,44.0,47.63967400000001,6.863849
Istanbul,38,Istanbul,6.0,44.0,41.0082376,28.9783589
Bakersfield,40,Bakersfield,3.0,43.0,,
Victoria,32,Victoria,11.0,43.0,28.8052674,-97.0035982
Lowell,41,Lowell,2.0,43.0,,
Cedar Rapids,41,Cedar Rapids,2.0,43.0,,
Baton Rouge,38,Baton Rouge,5.0,43.0,30.4582829,-91.1403196
Mesa,38,Mesa,4.0,42.0,33.4151843,-111.8314724
Malmö,33,Malmö,9.0,42.0,,
San Sebastian,41,San Sebastian,1.0,42.0,,
Boulder,32,Boulder,10.0,42.0,40.0149856,-105.2705456
Kingston upon Hull,41,Kingston upon Hull,1.0,42.0,,
North Myrtle Beach,34,North Myrtle Beach,8.0,42.0,,
Pasadena,37,Pasadena,5.0,42.0,34.1477849,-118.1445155
Nickelsdorf,39,Nickelsdorf,2.0,41.0,47.9415942,17.0707582
Toulouse,38,Toulouse,2.0,40.0,,
Bern,30,Bern,10.0,40.0,46.9479739,7.4474468
Christchurch,36,Christchurch,4.0,40.0,-43.5320544,172.6362254
Kalamazoo,37,Kalamazoo,3.0,40.0,42.2917069,-85.5872286
Durham,27,Durham,13.0,40.0,35.9940329,-78.898619
Oberhausen,33,Oberhausen,6.0,39.0,51.4963341,6.863776499999999
Fargo,35,Fargo,4.0,39.0,,
Miami Beach,23,Miami Beach,16.0,39.0,,
Lawrence,31,Lawrence,8.0,39.0,,
Lima,36,Lima,3.0,39.0,-12.0463731,-77.042754
Selma,34,Selma,5.0,39.0,32.4073589,-87.02110069999999
Geneva,29,Geneva,9.0,38.0,,
Asheville,34,Asheville,4.0,38.0,,
Corpus Christi,37,Corpus Christi,1.0,38.0,,
Florence,35,Florence,3.0,38.0,,
Pomona,30,Pomona,7.0,37.0,34.055103,-117.7499909
Ghent,26,Ghent,11.0,37.0,51.0543422,3.7174243
Esch-sur-Alzette,30,Esch-sur-Alzette,7.0,37.0,49.5008805,5.9860925
Wichita,36,Wichita,1.0,37.0,37.68717609999999,-97.33005299999999
Hultsfred,29,Hultsfred,8.0,37.0,,
Nice,30,Nice,7.0,37.0,43.7101728,7.261953200000001
Bangkok,32,Bangkok,5.0,37.0,13.7563309,100.5017651
Jakarta,29,Jakarta,7.0,36.0,,
Bucharest,29,Bucharest,7.0,36.0,44.4267674,26.1025384
Auburn,28,Auburn,8.0,36.0,32.5933574,-85.4951663
Ventura,35,Ventura,1.0,36.0,34.274646,-119.2290316
Bilbao,33,Bilbao,2.0,35.0,43.2630126,-2.9349852
Johannesburg,31,Johannesburg,4.0,35.0,-26.2041028,28.0473051
Poughkeepsie,31,Poughkeepsie,4.0,35.0,41.7003713,-73.9209701
Barrie,31,Barrie,4.0,35.0,44.38935559999999,-79.6903316
Sunderland,31,Sunderland,3.0,34.0,42.4663727,-72.5795115
Santa Cruz,29,Santa Cruz,5.0,34.0,36.9741171,-122.0307963
Chattanooga,29,Chattanooga,5.0,34.0,35.0456297,-85.3096801
Montpellier,32,Montpellier,2.0,34.0,,
Gdynia,16,Gdynia,18.0,34.0,54.5188898,18.5305409
Bordeaux,30,Bordeaux,4.0,34.0,44.837789,-0.57918
Guadalajara,31,Guadalajara,3.0,34.0,20.6596988,-103.3496092
Ljubljana,28,Ljubljana,6.0,34.0,,
Regina,32,Regina,1.0,33.0,,
Northampton,30,Northampton,3.0,33.0,,
Canberra,23,Canberra,10.0,33.0,,
Mobile,22,Mobile,11.0,33.0,,
Hong Kong,26,Hong Kong,6.0,32.0,,
Taipei,27,Taipei,5.0,32.0,,
Wilkes-Barre,30,Wilkes-Barre,2.0,32.0,41.2459149,-75.88130749999999
Huntington,29,Huntington,3.0,32.0,,
York,31,York,1.0,32.0,,
Ann Arbor,29,Ann Arbor,3.0,32.0,42.2808256,-83.7430378
Dresden,30,Dresden,2.0,32.0,51.0504088,13.7372621
Ames,29,Ames,3.0,32.0,42.0307812,-93.63191309999999
Carson,21,Carson,11.0,32.0,,
Nîmes,29,Nîmes,2.0,31.0,43.836699,4.360054
Strasbourg,23,Strasbourg,8.0,31.0,,
Greenville,25,Greenville,6.0,31.0,34.85261759999999,-82.3940104
La Jolla,27,La Jolla,4.0,31.0,32.8328112,-117.2712717
Kiev,23,Kiev,8.0,31.0,50.4501,30.5234
Nyon,29,Nyon,2.0,31.0,46.3832683,6.2347852
Jackson,30,Jackson,1.0,31.0,,
Del Mar,22,Del Mar,8.0,30.0,36.6530529,-121.7981153
Eugene,25,Eugene,5.0,30.0,44.0520691,-123.0867536
San Juan,27,San Juan,3.0,30.0,18.4655394,-66.1057355
Saint-Denis,21,Saint-Denis,9.0,30.0,48.936181,2.357443
Cape Town,27,Cape Town,3.0,30.0,-33.9248685,18.4240553
Oeiras,26,Oeiras,4.0,30.0,,
Salem,27,Salem,3.0,30.0,42.51954,-70.8967155
Saint-Cloud,21,Saint-Cloud,9.0,30.0,,
Curitiba,27,Curitiba,3.0,30.0,,
Aarhus,18,Aarhus,12.0,30.0,,
Somerset,27,Somerset,2.0,29.0,,
Sayreville,26,Sayreville,3.0,29.0,,
Magna,25,Magna,4.0,29.0,,
Kristiansand,23,Kristiansand,6.0,29.0,,
Reykjavik,26,Reykjavik,3.0,29.0,64.12652059999999,-21.8174392
Kingston,25,Kingston,4.0,29.0,41.2617481,-75.8968635
Belo Horizonte,22,Belo Horizonte,6.0,28.0,,
St. Gallen,22,St. Gallen,6.0,28.0,47.4244818,9.3767173
Abu Dhabi,18,Abu Dhabi,10.0,28.0,,
Torhout,26,Torhout,2.0,28.0,51.06498,3.10157
Tallinn,25,Tallinn,3.0,28.0,59.43696079999999,24.7535747
Dundee,25,Dundee,3.0,28.0,,
Moncton,27,Moncton,1.0,28.0,,
Wiesen,23,Wiesen,5.0,28.0,50.0962971,10.9507324
Caracas,21,Caracas,6.0,27.0,10.4805937,-66.90360629999999
Arnhem,23,Arnhem,4.0,27.0,,
Winterthur,23,Winterthur,4.0,27.0,,
Saitama,24,Saitama,3.0,27.0,35.8617292,139.6454822
Charlottesville,20,Charlottesville,7.0,27.0,38.0293059,-78.47667810000002
Seinäjoki,23,Seinäjoki,4.0,27.0,62.787735,22.8504338
Gainesville,19,Gainesville,8.0,27.0,29.6516344,-82.32482619999999
Shanghai,17,Shanghai,10.0,27.0,,
North Little Rock,25,North Little Rock,2.0,27.0,34.769536,-92.2670941
Verona,25,Verona,1.0,26.0,45.43838419999999,10.9916215
Groningen,21,Groningen,5.0,26.0,,
Nampa,22,Nampa,4.0,26.0,,
Wallingford,22,Wallingford,3.0,25.0,,
Allentown,23,Allentown,2.0,25.0,,
Kiel,23,Kiel,2.0,25.0,,
The Hague,19,The Hague,6.0,25.0,52.0704978,4.3006999
Kawasaki,20,Kawasaki,5.0,25.0,37.8164223,-96.88384049999999
Burlington,24,Burlington,1.0,25.0,36.2811872,-94.1487516
Valley Center,23,Valley Center,2.0,25.0,,
Münster,23,Münster,2.0,25.0,,
Brasília,19,Brasília,5.0,24.0,,
Beijing,12,Beijing,12.0,24.0,,
Rapid City,23,Rapid City,1.0,24.0,,
Yekaterinburg,14,Yekaterinburg,10.0,24.0,,
Fairborn,20,Fairborn,4.0,24.0,39.8208925,-84.01937889999999
Sendai,23,Sendai,1.0,24.0,,
Riga,21,Riga,3.0,24.0,56.9496487,24.1051865
Iowa City,19,Iowa City,5.0,24.0,41.6611277,-91.5301683
East Lansing,20,East Lansing,3.0,23.0,42.7369792,-84.48386540000001
Tallahassee,19,Tallahassee,4.0,23.0,30.4382559,-84.28073289999999
Santa Ana,13,Santa Ana,10.0,23.0,,
Byron Bay,13,Byron Bay,10.0,23.0,,
Missoula,22,Missoula,1.0,23.0,,
St. Pölten,18,St. Pölten,5.0,23.0,,
Grenoble,22,Grenoble,1.0,23.0,,
Winston Salem,20,Winston Salem,3.0,23.0,,
Villeurbanne,19,Villeurbanne,4.0,23.0,45.771944,4.8901709
Colorado Springs,21,Colorado Springs,2.0,23.0,,
Łódź,11,Łódź,11.0,22.0,,
Amnéville,21,Amnéville,1.0,22.0,,
Colchester,21,Colchester,1.0,22.0,,
Akron,21,Akron,1.0,22.0,,
Oporto,20,Oporto,2.0,22.0,,
Sapporo,21,Sapporo,1.0,22.0,,
Sofia,16,Sofia,6.0,22.0,42.6977082,23.3218675
Kuala Lumpur,18,Kuala Lumpur,3.0,21.0,,
Modena,20,Modena,1.0,21.0,,
Zaragoza,18,Zaragoza,3.0,21.0,,
Normal,19,Normal,2.0,21.0,40.5142026,-88.9906312
Park City,18,Park City,3.0,21.0,40.6460622,-111.4979729
Frisco,20,Frisco,1.0,21.0,,
Carlisle,20,Carlisle,1.0,21.0,,
DeKalb,13,DeKalb,8.0,21.0,41.9294736,-88.75036469999999
Pelham,19,Pelham,2.0,21.0,,
Niagara Falls,20,Niagara Falls,1.0,21.0,,
Hoffman Estates,18,Hoffman Estates,3.0,21.0,,
Erie,20,Erie,1.0,21.0,,
Hampton Beach,19,Hampton Beach,2.0,21.0,,
Bergen,18,Bergen,3.0,21.0,,
Carrboro,17,Carrboro,4.0,21.0,,
Green Bay,20,Green Bay,1.0,21.0,,
Zapopan,19,Zapopan,2.0,21.0,,
Rennes,18,Rennes,2.0,20.0,,
Minsk,16,Minsk,4.0,20.0,,
Chek Lap Kok,18,Chek Lap Kok,2.0,20.0,22.3083934,113.923907
Dour,5,Dour,15.0,20.0,,
Stradbally,6,Stradbally,14.0,20.0,,
Hiroshima,18,Hiroshima,2.0,20.0,,
Novi Sad,7,Novi Sad,13.0,20.0,,
Cork,19,Cork,1.0,20.0,,
Davis,17,Davis,3.0,20.0,,
Turku,16,Turku,4.0,20.0,60.4518126,22.2666302
Arras,18,Arras,2.0,20.0,,
Preston,17,Preston,3.0,20.0,,
Liège,3,Liège,17.0,20.0,,
Mashantucket,17,Mashantucket,3.0,20.0,,
Lausanne,19,Lausanne,1.0,20.0,46.5196535,6.6322734
Passaic,16,Passaic,4.0,20.0,40.8567662,-74.1284764
Dover,12,Dover,8.0,20.0,43.1978624,-70.8736698
Lancaster,17,Lancaster,2.0,19.0,,
Gdańsk,7,Gdańsk,12.0,19.0,,
North Charleston,18,North Charleston,1.0,19.0,,
Lafayette,18,Lafayette,1.0,19.0,,
Ithaca,12,Ithaca,7.0,19.0,,
Lund,14,Lund,5.0,19.0,,
Port Chester,16,Port Chester,3.0,19.0,,
Trenton,15,Trenton,4.0,19.0,40.2170534,-74.7429384
Solana Beach,8,Solana Beach,11.0,19.0,32.991155,-117.2711481
Canandaigua,14,Canandaigua,5.0,19.0,,
Saginaw,17,Saginaw,2.0,19.0,,
Gräfenhainichen,5,Gräfenhainichen,14.0,19.0,,
Carhaix-Plouguer,14,Carhaix-Plouguer,5.0,19.0,,
Shreveport,16,Shreveport,2.0,18.0,,
Canterbury,17,Canterbury,1.0,18.0,,
Hobart,15,Hobart,3.0,18.0,,
Anchorage,16,Anchorage,2.0,18.0,61.2180556,-149.9002778
Irving,15,Irving,3.0,18.0,,
Weston-super-Mare,17,Weston-super-Mare,1.0,18.0,,
Santa Clara,14,Santa Clara,4.0,18.0,37.3541079,-121.9552356
Eindhoven,16,Eindhoven,2.0,18.0,51.44164199999999,5.4697225
Böblingen,17,Böblingen,1.0,18.0,48.6813312,9.0088299
Troy,15,Troy,3.0,18.0,42.6064095,-83.1497751
Luxembourg,14,Luxembourg,4.0,18.0,,
Graz,15,Graz,3.0,18.0,,
Chandler,17,Chandler,1.0,18.0,,
Twickenham,15,Twickenham,3.0,18.0,,
Monte-Carlo,12,Monte-Carlo,6.0,18.0,,
Poznań,6,Poznań,12.0,18.0,,
Urbana,11,Urbana,7.0,18.0,,
Gilford,13,Gilford,5.0,18.0,,
Norman,15,Norman,2.0,17.0,35.2225668,-97.4394777
Bangor,14,Bangor,3.0,17.0,,
Carbondale,15,Carbondale,2.0,17.0,37.7272727,-89.2167501
Quezon City,15,Quezon City,2.0,17.0,,
Gulf Shores,11,Gulf Shores,6.0,17.0,30.2460361,-87.70081929999999
Slane,16,Slane,1.0,17.0,53.7086474,-6.543651199999999
Savannah,16,Savannah,1.0,17.0,32.0835407,-81.09983419999999
Bossier City,15,Bossier City,2.0,17.0,32.5159852,-93.7321228
Nantes,16,Nantes,1.0,17.0,,
Lewiston,15,Lewiston,2.0,17.0,,
Malakása,15,Malakása,2.0,17.0,,
Pemberton,6,Pemberton,11.0,17.0,,
Culver City,13,Culver City,4.0,17.0,,
Bielefeld,15,Bielefeld,2.0,17.0,52.0302285,8.532470800000002
Margate,15,Margate,2.0,17.0,,
Hradec Králové,15,Hradec Králové,2.0,17.0,,
Eckbolsheim,12,Eckbolsheim,4.0,16.0,,
Odense,15,Odense,1.0,16.0,,
Clifton Park,13,Clifton Park,3.0,16.0,,
Bratislava,10,Bratislava,6.0,16.0,,
Asunción,15,Asunción,1.0,16.0,-25.2637399,-57.57592599999999
Towson,14,Towson,2.0,16.0,,
Davenport,13,Davenport,3.0,16.0,,
Arendal,12,Arendal,4.0,16.0,,
Silver Spring,6,Silver Spring,10.0,16.0,,
Ridgefield,15,Ridgefield,1.0,16.0,,
Swansea,15,Swansea,1.0,16.0,,
Fremantle,8,Fremantle,8.0,16.0,,
Hockenheim,14,Hockenheim,1.0,15.0,,
Sioux City,14,Sioux City,1.0,15.0,,
Peterborough,13,Peterborough,2.0,15.0,,
Sanremo,13,Sanremo,2.0,15.0,,
Innsbruck,14,Innsbruck,1.0,15.0,,
Bridgeport,13,Bridgeport,2.0,15.0,,
Vilnius,13,Vilnius,2.0,15.0,,
Bremerton,11,Bremerton,4.0,15.0,47.5650067,-122.6269768
Englewood,13,Englewood,2.0,15.0,,
Colmar,14,Colmar,1.0,15.0,,
Pompano Beach,13,Pompano Beach,2.0,15.0,,
Kitchener,14,Kitchener,1.0,15.0,,
Fornebu,11,Fornebu,4.0,15.0,59.89951850000001,10.6286999
Stateline,11,Stateline,4.0,15.0,,
Saint-Herblain,13,Saint-Herblain,1.0,14.0,,
Odessa,13,Odessa,1.0,14.0,,
Everett,12,Everett,2.0,14.0,,
Lucca,8,Lucca,6.0,14.0,,
Sterling Heights,10,Sterling Heights,4.0,14.0,,
Ybor City,10,Ybor City,4.0,14.0,,
Mount Pleasant,10,Mount Pleasant,4.0,14.0,,
Maplewood,13,Maplewood,1.0,14.0,,
Norrköping,12,Norrköping,2.0,14.0,,
Thessaloniki,10,Thessaloniki,4.0,14.0,,
Roeser,13,Roeser,1.0,14.0,,
Lokeren,6,Lokeren,8.0,14.0,,
Princeton,7,Princeton,7.0,14.0,,
Fayetteville,12,Fayetteville,2.0,14.0,,
Royal Oak,7,Royal Oak,6.0,13.0,,
Cannes,8,Cannes,5.0,13.0,,
Millvale,7,Millvale,6.0,13.0,,
Staten Island,9,Staten Island,4.0,13.0,,
Wollongong,11,Wollongong,2.0,13.0,,
Coral Gables,10,Coral Gables,3.0,13.0,,
Stockton-on-Tees,12,Stockton-on-Tees,1.0,13.0,,
Deinze,12,Deinze,1.0,13.0,50.9875406,3.5235857
Zambujeira do Mar,5,Zambujeira do Mar,8.0,13.0,,
Kobe,10,Kobe,3.0,13.0,,
Jersey City,11,Jersey City,2.0,13.0,40.72815749999999,-74.0776417
Sopron,11,Sopron,2.0,13.0,,
Montevideo,12,Montevideo,1.0,13.0,,
Saint John,8,Saint John,5.0,13.0,,
Maxéville,12,Maxéville,1.0,13.0,,
Weeze,11,Weeze,2.0,13.0,,
Dubai,10,Dubai,3.0,13.0,,
Montclair,12,Montclair,1.0,13.0,,
Halle,12,Halle,1.0,13.0,,
Napa,8,Napa,5.0,13.0,38.9661931,-95.2610551
Flint,12,Flint,1.0,13.0,,
Montebello,9,Montebello,4.0,13.0,,
Aspen,10,Aspen,2.0,12.0,,
Gijón,9,Gijón,3.0,12.0,,
Riverside,8,Riverside,4.0,12.0,33.9533487,-117.3961564
Paredes de Coura,11,Paredes de Coura,1.0,12.0,,
Lublin,1,Lublin,11.0,12.0,,
Padua,11,Padua,1.0,12.0,,
Wilmington,8,Wilmington,4.0,12.0,34.2257255,-77.9447102
Hof bei Salzburg,10,Hof bei Salzburg,2.0,12.0,,
Vienne,10,Vienne,2.0,12.0,,
Gampel,10,Gampel,2.0,12.0,,
Zwolle,11,Zwolle,1.0,12.0,,
Chorzów,9,Chorzów,3.0,12.0,50.2974884,18.9545728
South Burlington,2,South Burlington,10.0,12.0,,
Stanhope,11,Stanhope,1.0,12.0,40.9028765,-74.7090517
Bee Cave,9,Bee Cave,3.0,12.0,,
Scottsdale,10,Scottsdale,2.0,12.0,,
Krasnodar,9,Krasnodar,3.0,12.0,,
Móstoles,9,Móstoles,2.0,11.0,,
St Albans,10,St Albans,1.0,11.0,,
Braunschweig,9,Braunschweig,2.0,11.0,,
Nizhniy Novgorod,8,Nizhniy Novgorod,3.0,11.0,,
San José,10,San José,1.0,11.0,37.3382082,-121.8863286
Leuven,8,Leuven,3.0,11.0,,
Shakopee,1,Shakopee,10.0,11.0,,
Swindon,10,Swindon,1.0,11.0,,
Miami Gardens,8,Miami Gardens,3.0,11.0,,
Manila,9,Manila,2.0,11.0,,
Freiburg,9,Freiburg,2.0,11.0,,
Vigo,10,Vigo,1.0,11.0,,
Kent,5,Kent,6.0,11.0,,
Belton,10,Belton,1.0,11.0,,
Greater Sudbury,10,Greater Sudbury,1.0,11.0,,
Beaumont,10,Beaumont,1.0,11.0,,
St. Goarshausen,10,St. Goarshausen,1.0,11.0,50.1560978,7.713451800000001
Herning,9,Herning,2.0,11.0,56.138557,8.967322
Alpharetta,10,Alpharetta,1.0,11.0,,
Naples,10,Naples,1.0,11.0,,
Stony Brook,8,Stony Brook,3.0,11.0,40.9123761,-73.1233889
Vaughan,4,Vaughan,7.0,11.0,,
Ostrava,10,Ostrava,1.0,11.0,,
New London,9,New London,1.0,10.0,,
Mumbai,7,Mumbai,3.0,10.0,,
Highland Park,9,Highland Park,1.0,10.0,,
College Park,5,College Park,5.0,10.0,38.9896967,-76.93776
Monterey,7,Monterey,3.0,10.0,,
Tampere,5,Tampere,5.0,10.0,61.4977524,23.7609535
New Britain,7,New Britain,3.0,10.0,,
Brest,8,Brest,2.0,10.0,,
Arlington,6,Arlington,4.0,10.0,,
Orange Beach,9,Orange Beach,1.0,10.0,,
Urayasu,8,Urayasu,2.0,10.0,,
Kyoto,5,Kyoto,5.0,10.0,,
Stratford-upon-Avon,6,Stratford-upon-Avon,4.0,10.0,,
Lansing,8,Lansing,2.0,10.0,,
Thornville,9,Thornville,1.0,10.0,,
San Isidro,6,San Isidro,4.0,10.0,-34.470829,-58.5286102
Evanston,2,Evanston,8.0,10.0,,
Saint-Malo,6,Saint-Malo,4.0,10.0,,
Fortaleza,5,Fortaleza,4.0,9.0,,
Saugerties,7,Saugerties,2.0,9.0,42.0775906,-73.95291259999999
Macao,5,Macao,4.0,9.0,,
Clemson,8,Clemson,1.0,9.0,,
Youngstown,8,Youngstown,1.0,9.0,,
Jacksonville Beach,8,Jacksonville Beach,1.0,9.0,30.2841224,-81.3961338
Laredo,6,Laredo,3.0,9.0,,
Morgantown,7,Morgantown,2.0,9.0,39.629526,-79.95589679999999
Benicassim,6,Benicassim,3.0,9.0,40.055385,0.0641504
Bangalore,6,Bangalore,3.0,9.0,,
Pori,5,Pori,4.0,9.0,,
Reseda,8,Reseda,1.0,9.0,34.2011141,-118.5360517
County Tipperary,7,County Tipperary,2.0,9.0,,
Mainz,7,Mainz,2.0,9.0,,
San Rafael,8,San Rafael,1.0,9.0,37.9735346,-122.5310874
Mestre,8,Mestre,1.0,9.0,,
Magdeburg,8,Magdeburg,1.0,9.0,,
Neu Isenburg,8,Neu Isenburg,1.0,9.0,,
Udine,8,Udine,1.0,9.0,46.0710668,13.2345794
Lorne,5,Lorne,4.0,9.0,,
Neuchâtel,3,Neuchâtel,6.0,9.0,,
La Plaine-Saint-Denis,7,La Plaine-Saint-Denis,2.0,9.0,,
Beverly Hills,8,Beverly Hills,1.0,9.0,34.0736204,-118.4003563
Charlottetown,7,Charlottetown,2.0,9.0,,
Charles Town,4,Charles Town,4.0,8.0,,
Zamárdi,2,Zamárdi,6.0,8.0,,
Heidelberg,2,Heidelberg,6.0,8.0,,
Aalborg,7,Aalborg,1.0,8.0,,
Winchester,2,Winchester,6.0,8.0,,
Arganda del Rey,6,Arganda del Rey,2.0,8.0,40.3064074,-3.4479915
Skanderborg,5,Skanderborg,3.0,8.0,,
Danbury,7,Danbury,1.0,8.0,,
Ich'ŏn,7,Ich'ŏn,1.0,8.0,38.4919129,126.8869064
Westbury,7,Westbury,1.0,8.0,,
Santa Rosa,7,Santa Rosa,1.0,8.0,,
Rezé,7,Rezé,1.0,8.0,,
Novosibirsk,6,Novosibirsk,2.0,8.0,,
Cleveland Heights,6,Cleveland Heights,2.0,8.0,,
Medford,5,Medford,3.0,8.0,,
Minot,7,Minot,1.0,8.0,,
Storrs,4,Storrs,4.0,8.0,,
West Lafayette,6,West Lafayette,2.0,8.0,,
Piraeus,6,Piraeus,2.0,8.0,,
Galway,5,Galway,3.0,8.0,,
Ypsilanti,5,Ypsilanti,3.0,8.0,,
Trondheim,4,Trondheim,4.0,8.0,,
Gloucester,7,Gloucester,1.0,8.0,,
Barakaldo,7,Barakaldo,1.0,8.0,,
Orangevale,7,Orangevale,1.0,8.0,,
Kowloon,7,Kowloon,1.0,8.0,,
Florianópolis,5,Florianópolis,3.0,8.0,,
Burnaby,6,Burnaby,2.0,8.0,,
Old Orchard Beach,7,Old Orchard Beach,1.0,8.0,,
Topeka,7,Topeka,1.0,8.0,,
Pawtucket,7,Pawtucket,1.0,8.0,,
Voronezh,7,Voronezh,1.0,8.0,,
Hempstead,6,Hempstead,2.0,8.0,,
Borlänge,4,Borlänge,3.0,7.0,,
Rostov-on-Don,6,Rostov-on-Don,1.0,7.0,,
Bourges,5,Bourges,2.0,7.0,,
Londonderry,6,Londonderry,1.0,7.0,,
Gulfport,4,Gulfport,3.0,7.0,,
Orléans,6,Orléans,1.0,7.0,,
Williamsburg,6,Williamsburg,1.0,7.0,,
Weedsport,6,Weedsport,1.0,7.0,,
Fürth,5,Fürth,2.0,7.0,,
Johnstown,6,Johnstown,1.0,7.0,,
Escalarre,6,Escalarre,1.0,7.0,,
Trenčín,2,Trenčín,5.0,7.0,,
Erlangen,6,Erlangen,1.0,7.0,,
Grand Forks,6,Grand Forks,1.0,7.0,,
Launceston,6,Launceston,1.0,7.0,,
Canton,6,Canton,1.0,7.0,,
Nonantola,5,Nonantola,2.0,7.0,,
Vestal,5,Vestal,2.0,7.0,,
Baytown,5,Baytown,2.0,7.0,,
Segrate,6,Segrate,1.0,7.0,,
Uppsala,3,Uppsala,4.0,7.0,,
Shepton Mallet,5,Shepton Mallet,2.0,7.0,,
Brno,6,Brno,1.0,7.0,,
Santiago de Compostela,6,Santiago de Compostela,1.0,7.0,42.8782132,-8.5448445
Ramonville-Saint-Agne,4,Ramonville-Saint-Agne,3.0,7.0,,
Nancy,6,Nancy,1.0,7.0,,
Seville,5,Seville,2.0,7.0,,
Guatemala City,6,Guatemala City,1.0,7.0,14.6349149,-90.5068824
Boca Raton,6,Boca Raton,1.0,7.0,,
Ulm,6,Ulm,1.0,7.0,,
Pasay City,5,Pasay City,2.0,7.0,,
Locarno,6,Locarno,1.0,7.0,,
Duisburg,6,Duisburg,1.0,7.0,51.4344079,6.762329299999999
Fribourg,4,Fribourg,2.0,6.0,,
Reston,4,Reston,2.0,6.0,38.9586307,-77.35700279999999
Busselton,4,Busselton,2.0,6.0,,
Covington,4,Covington,2.0,6.0,,
Charleville-Mézières,3,Charleville-Mézières,3.0,6.0,,
Ischgl,5,Ischgl,1.0,6.0,,
Stockton,5,Stockton,1.0,6.0,39.4941665,-74.53237949999999
Villa Martelli,5,Villa Martelli,1.0,6.0,,
Hammond,5,Hammond,1.0,6.0,,
Montendre,1,Montendre,5.0,6.0,,
Fitchburg,5,Fitchburg,1.0,6.0,,
Bridgeview,3,Bridgeview,3.0,6.0,,
Genk,4,Genk,2.0,6.0,,
Rabat,2,Rabat,4.0,6.0,,
Tunbridge Wells,5,Tunbridge Wells,1.0,6.0,,
Squamish,3,Squamish,3.0,6.0,,
Glen Burnie,2,Glen Burnie,4.0,6.0,,
Wohlen,1,Wohlen,5.0,6.0,,
Lucerne,4,Lucerne,2.0,6.0,,
Solna,5,Solna,1.0,6.0,,
Blacksburg,4,Blacksburg,2.0,6.0,,
Newquay,1,Newquay,5.0,6.0,,
Chemnitz,3,Chemnitz,3.0,6.0,,
Mears,5,Mears,1.0,6.0,,
Farmington,5,Farmington,1.0,6.0,,
Murfreesboro,5,Murfreesboro,1.0,6.0,,
Warwick,5,Warwick,1.0,6.0,41.7001009,-71.4161671
Ferndale,4,Ferndale,1.0,5.0,,
Stavanger,2,Stavanger,3.0,5.0,,
Flushing,4,Flushing,1.0,5.0,,
Bydgoszcz,1,Bydgoszcz,4.0,5.0,,
Lanarkshire,4,Lanarkshire,1.0,5.0,,
Ludwigsburg,4,Ludwigsburg,1.0,5.0,48.8940624,9.195464
Fort Collins,4,Fort Collins,1.0,5.0,,
Guangzhou,4,Guangzhou,1.0,5.0,,
Beirut,4,Beirut,1.0,5.0,33.8937913,35.5017767
Rybnik,3,Rybnik,2.0,5.0,,
Szczecin,1,Szczecin,4.0,5.0,,
Darwin,4,Darwin,1.0,5.0,,
Bowling Green,2,Bowling Green,3.0,5.0,,
Örebro,4,Örebro,1.0,5.0,,
Orono,4,Orono,1.0,5.0,,
Penticton,4,Penticton,1.0,5.0,,
Chico,4,Chico,1.0,5.0,,
Bendigo,3,Bendigo,2.0,5.0,,
Koblenz,4,Koblenz,1.0,5.0,,
Schaarbeek,4,Schaarbeek,1.0,5.0,,
Jerez de la Frontera,2,Jerez de la Frontera,3.0,5.0,,
Nicosia,3,Nicosia,2.0,5.0,,
Białystok,1,Białystok,4.0,5.0,,
Cluj-Napoca,1,Cluj-Napoca,4.0,5.0,,
Farmingdale,4,Farmingdale,1.0,5.0,,
Dornbirn,4,Dornbirn,1.0,5.0,,
Elizabeth,4,Elizabeth,1.0,5.0,,
Garden City,3,Garden City,2.0,5.0,40.7267682,-73.6342954
Fontana,3,Fontana,2.0,5.0,,
Penrith,1,Penrith,4.0,5.0,,
Vail,3,Vail,2.0,5.0,,
Marmande,2,Marmande,3.0,5.0,,
Inverness,4,Inverness,1.0,5.0,,
Townsville,3,Townsville,2.0,5.0,,
Medellín,2,Medellín,3.0,5.0,,
Trieste,4,Trieste,1.0,5.0,,
Landerneau,3,Landerneau,2.0,5.0,,
Hérouville-Saint-Clair,3,Hérouville-Saint-Clair,2.0,5.0,,
Split,4,Split,1.0,5.0,,
Surrey,2,Surrey,2.0,4.0,,
Yaroslavl',2,Yaroslavl',2.0,4.0,,
Zeebrugge,3,Zeebrugge,1.0,4.0,,
Jackson Hole,3,Jackson Hole,1.0,4.0,,
Greensburg,3,Greensburg,1.0,4.0,40.3014581,-79.5389289
Woodford,2,Woodford,2.0,4.0,,
Hamamatsu,3,Hamamatsu,1.0,4.0,,
Aschaffenburg,3,Aschaffenburg,1.0,4.0,,
Fairfield,1,Fairfield,3.0,4.0,,
Indiana,3,Indiana,1.0,4.0,,
Bellingham,3,Bellingham,1.0,4.0,48.7519112,-122.4786854
Friedrichshafen,2,Friedrichshafen,2.0,4.0,,
Leeuwarden,3,Leeuwarden,1.0,4.0,,
Toms River,3,Toms River,1.0,4.0,,
Karlstad,3,Karlstad,1.0,4.0,,
Stone Mountain,3,Stone Mountain,1.0,4.0,,
Sea Bright,3,Sea Bright,1.0,4.0,,
Toluca,1,Toluca,3.0,4.0,,
Lewisburg,3,Lewisburg,1.0,4.0,,
Saratoga,2,Saratoga,2.0,4.0,,
Burgas,1,Burgas,3.0,4.0,,
Recife,3,Recife,1.0,4.0,,
Snowmass Village,3,Snowmass Village,1.0,4.0,,
Livorno,3,Livorno,1.0,4.0,,
Caminha,3,Caminha,1.0,4.0,,
Słupsk,3,Słupsk,1.0,4.0,,
Dübendorf,3,Dübendorf,1.0,4.0,,
Tienen,3,Tienen,1.0,4.0,,
Zabrze,1,Zabrze,3.0,4.0,,
Cedar Park,2,Cedar Park,2.0,4.0,,
Avignon,3,Avignon,1.0,4.0,,
Cary,3,Cary,1.0,4.0,,
Willimantic,3,Willimantic,1.0,4.0,,
Santo André,3,Santo André,1.0,4.0,,
Mulhouse,3,Mulhouse,1.0,4.0,,
Paaren im Glien,1,Paaren im Glien,3.0,4.0,,
Bruz,2,Bruz,2.0,4.0,,
Anapa,1,Anapa,3.0,4.0,,
Skopje,2,Skopje,2.0,4.0,,
Hamtramck,3,Hamtramck,1.0,4.0,,
Khabarovsk,2,Khabarovsk,2.0,4.0,,
Joensuu,1,Joensuu,2.0,3.0,,
Tromsø,1,Tromsø,2.0,3.0,,
Rosenberg,2,Rosenberg,1.0,3.0,29.5571825,-95.80856229999999
Vladivostok,2,Vladivostok,1.0,3.0,,
Faro,2,Faro,1.0,3.0,,
Bali,2,Bali,1.0,3.0,,
Walnut,1,Walnut,2.0,3.0,,
Franklin,2,Franklin,1.0,3.0,,
Byblos,2,Byblos,1.0,3.0,,
Perugia,2,Perugia,1.0,3.0,,
Lahr,2,Lahr,1.0,3.0,,
Düren,2,Düren,1.0,3.0,50.8029513,6.481105
Taguig,1,Taguig,2.0,3.0,,
Rzeszów,1,Rzeszów,2.0,3.0,,
Ocean City,1,Ocean City,2.0,3.0,,
Belleville,2,Belleville,1.0,3.0,,
Kanton Graubünden,1,Kanton Graubünden,2.0,3.0,,
Irkutsk,2,Irkutsk,1.0,3.0,,
Chengdu,1,Chengdu,2.0,3.0,,
Fairbanks,2,Fairbanks,1.0,3.0,,
Straszęcin,2,Straszęcin,1.0,3.0,,
Halton,1,Halton,2.0,3.0,,
Santa Luzia,2,Santa Luzia,1.0,3.0,13.909444,-60.978893
Rye,1,Rye,2.0,3.0,,
Crans Montana,1,Crans Montana,2.0,3.0,,
Pécs,1,Pécs,2.0,3.0,,
Donetsk,1,Donetsk,2.0,3.0,,
Piešťany,2,Piešťany,1.0,3.0,,
Muskoka,1,Muskoka,2.0,3.0,,
Zofingen,1,Zofingen,2.0,3.0,,
Haarlem,1,Haarlem,2.0,3.0,,
Marion Bay,2,Marion Bay,1.0,3.0,,
Port of Spain,1,Port of Spain,2.0,3.0,,
Twin Bridges,2,Twin Bridges,1.0,3.0,,
Geneseo,2,Geneseo,1.0,3.0,,
Nanjing,2,Nanjing,1.0,3.0,,
Alajuela,2,Alajuela,1.0,3.0,,
Macon,2,Macon,1.0,3.0,,
Évreux,2,Évreux,1.0,3.0,,
Punta Cana,1,Punta Cana,2.0,3.0,,
Minehead,1,Minehead,2.0,3.0,,
The Palm Jumeirah,2,The Palm Jumeirah,1.0,3.0,,
Sant Antoni de Portmany,1,Sant Antoni de Portmany,2.0,3.0,,
Oceanside,2,Oceanside,1.0,3.0,,
Lignano Sabbiadoro,2,Lignano Sabbiadoro,1.0,3.0,,
Loveland,1,Loveland,2.0,3.0,,
Havana,2,Havana,1.0,3.0,,
Imst,1,Imst,2.0,3.0,,
Clinton,2,Clinton,1.0,3.0,,
Mikkeli,2,Mikkeli,1.0,3.0,,
Yerevan,2,Yerevan,1.0,3.0,,
Annapolis,2,Annapolis,1.0,3.0,,
Selinsgrove,1,Selinsgrove,2.0,3.0,,
Saint Peter,2,Saint Peter,1.0,3.0,,
San Salvador,2,San Salvador,1.0,3.0,,
Denton,1,Denton,2.0,3.0,,
West Sacramento,2,West Sacramento,1.0,3.0,,
Munhall,2,Munhall,1.0,3.0,,
Bergara,2,Bergara,1.0,3.0,,
Frederiksberg,2,Frederiksberg,1.0,3.0,,
New Paltz,1,New Paltz,2.0,3.0,,
Omsk,2,Omsk,1.0,3.0,,
Sopot,2,Sopot,1.0,3.0,,
Ufa,2,Ufa,1.0,3.0,,
Cergy-Pontoise,1,Cergy-Pontoise,2.0,3.0,,
Gosford,1,Gosford,1.0,2.0,,
Okeechobee,1,Okeechobee,1.0,2.0,,
Ashland,1,Ashland,1.0,2.0,,
Tønsberg,1,Tønsberg,1.0,2.0,,
New Delhi,1,New Delhi,1.0,2.0,,
Kauhajoki,1,Kauhajoki,1.0,2.0,,
Décines-Charpieu,1,Décines-Charpieu,1.0,2.0,,
Namur,1,Namur,1.0,2.0,,
Kemerovo,1,Kemerovo,1.0,2.0,,
Gießen,1,Gießen,1.0,2.0,,
Astana,1,Astana,1.0,2.0,,
Feldkirch,1,Feldkirch,1.0,2.0,,
Kaliningrad,1,Kaliningrad,1.0,2.0,,
Bunbury,1,Bunbury,1.0,2.0,,
Sugar Land,1,Sugar Land,1.0,2.0,,
Macclesfield,1,Macclesfield,1.0,2.0,,
Bodø,1,Bodø,1.0,2.0,,
Český Brod,1,Český Brod,1.0,2.0,,
Hangzhou,1,Hangzhou,1.0,2.0,,
Chelyabinsk,1,Chelyabinsk,1.0,2.0,,
Meadville,1,Meadville,1.0,2.0,,
Santander,1,Santander,1.0,2.0,,
Glassboro,1,Glassboro,1.0,2.0,,
Williamsville,1,Williamsville,1.0,2.0,,
Tunica,1,Tunica,1.0,2.0,,
Davidson,1,Davidson,1.0,2.0,,
Collado Villalba,1,Collado Villalba,1.0,2.0,,
Rothbury,1,Rothbury,1.0,2.0,,
Boulogne-Billancourt,1,Boulogne-Billancourt,1.0,2.0,,
Kópavogur,1,Kópavogur,1.0,2.0,,
Statesboro,1,Statesboro,1.0,2.0,,
South Hadley,1,South Hadley,1.0,2.0,,
Steventon,1,Steventon,1.0,2.0,,
Altamont,1,Altamont,1.0,2.0,,
Acireale,1,Acireale,1.0,2.0,,
Saint George,1,Saint George,1.0,2.0,,
Cuxhaven,1,Cuxhaven,1.0,2.0,,
Jersey,1,Jersey,1.0,2.0,,
Dores,1,Dores,1.0,2.0,,
Chongqing,1,Chongqing,1.0,2.0,,
Plattsburgh,1,Plattsburgh,1.0,2.0,,
Keene,1,Keene,1.0,2.0,,
Kaohsiung City,1,Kaohsiung City,1.0,2.0,,
Hove,1,Hove,1.0,2.0,,
Mawqi` al `Adas,1,Mawqi` al `Adas,1.0,2.0,,
Harrisonburg,1,Harrisonburg,1.0,2.0,,
Seefeld in Tirol,1,Seefeld in Tirol,1.0,2.0,,
Grande Prairie,1,Grande Prairie,1.0,2.0,,
Shizuoka,1,Shizuoka,1.0,2.0,,
Ibiza Town,1,Ibiza Town,1.0,2.0,,
Snoqualmie Pass,1,Snoqualmie Pass,1.0,2.0,,
Gatineau,1,Gatineau,1.0,2.0,,
Decatur,1,Decatur,1.0,2.0,,
Redmond,1,Redmond,1.0,2.0,,
Bulligny,1,Bulligny,1.0,2.0,,
Concho,1,Concho,1.0,2.0,,
Montauk,1,Montauk,1.0,2.0,,
Magalluf,1,Magalluf,1.0,2.0,,
Genting Highlands,1,Genting Highlands,1.0,2.0,,
Granville,1,Granville,1.0,2.0,,
Pully,1,Pully,1.0,2.0,,
Arezzo,1,Arezzo,1.0,2.0,,
Banja Luka,1,Banja Luka,1.0,2.0,,
Cupertino,1,Cupertino,1.0,2.0,,
Sandviken,1,Sandviken,1.0,2.0,,
Loch Fyne,1,Loch Fyne,1.0,2.0,,
Gettysburg,1,Gettysburg,1.0,2.0,,
Herzogenrath,1,Herzogenrath,1.0,2.0,,
Mount Vernon,1,Mount Vernon,1.0,2.0,,
Skien,1,Skien,1.0,2.0,,
Commerce City,1,Commerce City,1.0,2.0,,
Brockport,1,Brockport,1.0,2.0,43.210018,-77.9507327
Venice,8,Venice,,,45.4408474,12.3155151
Casalecchio di Reno,26,Casalecchio di Reno,,,44.47824689999999,11.2773797
Perthshire,1,Perthshire,,,33.9773305,-90.91232769999999
Interlaken,17,Interlaken,,,46.6863481,7.863204899999999
Mendig,5,Mendig,,,50.374444,7.280832999999999
Clark,2,Clark,,,37.09024,-95.712891
Vancouver Bay,1,Vancouver Bay,,,49.2825186,-123.117747
Gelsenkirchen,21,Gelsenkirchen,,,51.517744,7.085717199999999
Kaunas,3,Kaunas,,,54.8985207,23.9035965
Rho,12,Rho,,,40.20675,-74.764849
Stevenage,19,Stevenage,,,51.903761,-0.196612
Residence St Barth,2,Residence St Barth,,,17.9131598,-62.85310510000001
Nevada City,1,Nevada City,,,39.2615606,-121.0160594
Big Sur,1,Big Sur,,,36.3614749,-121.856261
Indija,1,Indija,,,20.593684,78.96288
Derby,21,Derby,,,41.3206523,-73.0889973
Ipswich,25,Ipswich,,,52.056736,1.14822
Wiener Neustadt,8,Wiener Neustadt,,,47.80278999999999,16.23318
Marino,9,Marino,,,36.68440289999999,-121.802173
Panama City,11,Panama City,,,8.9823792,-79.51986959999999
Heredia,5,Heredia,,,9.9981413,-84.1197643
Ontario,7,Ontario,,,51.253775,-85.323214
Badalona,16,Badalona,,,41.4469883,2.2450325
Imola,19,Imola,,,44.35999959999999,11.7124294
Casper,15,Casper,,,42.866632,-106.313081
Roanoke,23,Roanoke,,,37.2709704,-79.9414266
Leganés,11,Leganés,,,40.3319506,-3.7686545
Forssa,1,Forssa,,,60.81463189999999,23.6339467
Oroville,1,Oroville,,,39.5137752,-121.556359
Kofu,3,Kofu,,,35.66228,138.5682015
Resolute,1,Resolute,,,74.697299,-94.82972889999999
Omiya,2,Omiya,,,40.6223565,-74.0287833
Neumarkt in der Oberpfalz,3,Neumarkt in der Oberpfalz,,,49.2772606,11.4671995
Unterföhring,4,Unterföhring,,,48.1916623,11.6460441
Daytona Beach,10,Daytona Beach,,,29.2108147,-81.0228331
Geleen,3,Geleen,,,50.9672139,5.8277247
Besançon,10,Besançon,,,47.237829,6.024053899999999
Bonn,16,Bonn,,,50.73743,7.0982068
Hilversum,14,Hilversum,,,52.2291696,5.166897400000001
Lakewood,12,Lakewood,,,33.8536269,-118.1339563
Tijuana,10,Tijuana,,,32.5149469,-117.0382471
Redway,1,Redway,,,40.1201443,-123.8233635
Bay Shore,2,Bay Shore,,,40.7250986,-73.2453946
Palo Alto,23,Palo Alto,,,37.4418834,-122.1430195
Leicester,102,Leicester,,,52.6368778,-1.1397592
Northridge,4,Northridge,,,34.2381251,-118.530123
Harlesden,3,Harlesden,,,51.534933,-0.247334
North Hollywood,4,North Hollywood,,,34.187044,-118.3812562
Santa Fe,6,Santa Fe,,,35.6869752,-105.937799
Neptune Township,2,Neptune Township,,,40.2091219,-74.0386271
Hoboken,14,Hoboken,,,40.7439905,-74.0323626
Cotati,2,Cotati,,,38.3293416,-122.7096666
Whitby,1,Whitby,,,54.486335,-0.613347
Fullerton,7,Fullerton,,,33.8703645,-117.9242123
Hallandale Beach,2,Hallandale Beach,,,25.9812024,-80.14837899999999
San Juan Capistrano,1,San Juan Capistrano,,,33.5019027,-117.6627655
Huntington Beach,9,Huntington Beach,,,33.6594835,-117.9988026
,5,,,,,
Newport Beach,2,Newport Beach,,,,
Petaluma,10,Petaluma,,,,
Murray,5,Murray,,,,
Aspen Spring,1,Aspen Spring,,,,
Blackpool,54,Blackpool,,,,
Genoa,13,Genoa,,,,
Luton,12,Luton,,,,
Plymouth,41,Plymouth,,,,
Exeter,28,Exeter,,,,
Wigan,11,Wigan,,,,
Bradford,42,Bradford,,,,
Scarborough,11,Scarborough,,,,
Dunedin,5,Dunedin,,,,
Westerblokker,2,Westerblokker,,,,
Hillegom,1,Hillegom,,,,
Versailles,1,Versailles,,,,
Doncaster,20,Doncaster,,,,
Southend-on-Sea,24,Southend-on-Sea,,,,
Borehamwood,6,Borehamwood,,,,
Huddersfield,11,Huddersfield,,,,
Slough,13,Slough,,,,
Cheltenham,11,Cheltenham,,,,
Eskilstuna,2,Eskilstuna,,,,
Borås,1,Borås,,,,
Buxton,4,Buxton,,,,
Southport,27,Southport,,,,
Stoke,13,Stoke,,,,
Kirkcaldy,2,Kirkcaldy,,,,
Northwich,9,Northwich,,,,
Croydon,25,Croydon,,,,
Taunton,7,Taunton,,,,
Torquay,9,Torquay,,,,
Llandudno,7,Llandudno,,,,
Saint Helier,6,Saint Helier,,,,
Saint Peter Port,1,Saint Peter Port,,,,
Urmston,2,Urmston,,,,
Nelson,9,Nelson,,,,
Great Yarmouth,20,Great Yarmouth,,,,
Rhyl,3,Rhyl,,,,
Old Hill,1,Old Hill,,,,
Middlesbrough,18,Middlesbrough,,,,
Abergavenny,1,Abergavenny,,,,
Guildford,29,Guildford,,,,
Romford,16,Romford,,,,
Salisbury,14,Salisbury,,,,
New Brighton,21,New Brighton,,,,
Stockport,5,Stockport,,,,
Bath,34,Bath,,,,
Blackburn,7,Blackburn,,,,
Woolwich,4,Woolwich,,,,
Hanley,21,Hanley,,,,
Chester,15,Chester,,,,
Shrewsbury,11,Shrewsbury,,,,
Frodsham,1,Frodsham,,,,
Stoke-on-Trent,17,Stoke-on-Trent,,,,
Tenbury,1,Tenbury,,,,
Middleton,3,Middleton,,,,
Birkenhead,24,Birkenhead,,,,
Stowe,3,Stowe,,,,
Bedford,14,Bedford,,,,
Harrogate,5,Harrogate,,,,
St Helens,5,St Helens,,,,
Widnes,5,Widnes,,,,
Oldham,1,Oldham,,,,
Tamworth,5,Tamworth,,,,
Mold,1,Mold,,,,
Whitchurch,1,Whitchurch,,,,
Morecambe,13,Morecambe,,,,
Ellesmere Port,1,Ellesmere Port,,,,
Chatham,8,Chatham,,,,
Dudley,10,Dudley,,,,
Bridge of Allan,1,Bridge of Allan,,,,
Dingwall,1,Dingwall,,,,
Elgin,6,Elgin,,,,
Runcorn,2,Runcorn,,,,
Newton-le-Willows,1,Newton-le-Willows,,,,
Prestatyn,1,Prestatyn,,,,
Smethwick,1,Smethwick,,,,
West Bromwich,4,West Bromwich,,,,
Port Sunlight,4,Port Sunlight,,,,
Nuneaton,4,Nuneaton,,,,
Heswall,2,Heswall,,,,
Stroud,2,Stroud,,,,
Lydney,1,Lydney,,,,
Fleetwood,1,Fleetwood,,,,
Crewe,4,Crewe,,,,
Bootle,5,Bootle,,,,
Warrington,12,Warrington,,,,
Hoylake,1,Hoylake,,,,
Aintree,19,Aintree,,,,
Huyton,11,Huyton,,,,
Aldershot,2,Aldershot,,,,
Wallasey,3,Wallasey,,,,
Walton,1,Walton,,,,
Crosby,1,Crosby,,,,
Peterhead,1,Peterhead,,,,
Nairn,3,Nairn,,,,
Forres,1,Forres,,,,
Keith,1,Keith,,,,
Fraserburgh,1,Fraserburgh,,,,
Alloa,1,Alloa,,,,
La Plata,17,La Plata,,,,
Kenton,2,Kenton,,,,
Maidstone,15,Maidstone,,,,
Baden-Baden,2,Baden-Baden,,,,
Offenburg,4,Offenburg,,,,
Six-Fours-les-Plages,4,Six-Fours-les-Plages,,,,
Bolton,4,Bolton,,,,
Fano,1,Fano,,,,
Bend,5,Bend,,,,
Port Talbot,3,Port Talbot,,,,
Ringe,9,Ringe,,,,
Truro,3,Truro,,,,
Rimini,4,Rimini,,,,
Mérignac,4,Mérignac,,,,
Saint-Lazare,1,Saint-Lazare,,,,
Fujiyoshida,3,Fujiyoshida,,,,
Misterbianco,1,Misterbianco,,,,
Villafranca di Verona,7,Villafranca di Verona,,,,
Harlow,3,Harlow,,,,
Blackwood,1,Blackwood,,,,
Kentish Town,1,Kentish Town,,,,
Macerata,2,Macerata,,,,
Hilvarenbeek,3,Hilvarenbeek,,,,
Monza,9,Monza,,,,
Tarzana,5,Tarzana,,,,
Codroipo,4,Codroipo,,,,
Canton de Vaud,1,Canton de Vaud,,,,
Broomfield,18,Broomfield,,,,
Avenches,9,Avenches,,,,
Ferrara,9,Ferrara,,,,
Bergamo,2,Bergamo,,,,
Salamanca,7,Salamanca,,,,
Vaison-la-Romaine,1,Vaison-la-Romaine,,,,
Caesarea Maritima,6,Caesarea Maritima,,,,
Fréjus,10,Fréjus,,,,
Arles,3,Arles,,,,
Matsumoto,3,Matsumoto,,,,
Niigata,2,Niigata,,,,
Bridlington,9,Bridlington,,,,
Mississauga,17,Mississauga,,,,
Estacada,4,Estacada,,,,
Cesena,6,Cesena,,,,
Dijon,8,Dijon,,,,
Catania,2,Catania,,,,
Cohoes,6,Cohoes,,,,
Nederhorst den Berg,1,Nederhorst den Berg,,,,
Pachuca,2,Pachuca,,,,
Guanajuato,1,Guanajuato,,,,
Estado de México,1,Estado de México,,,,
Abingdon,1,Abingdon,,,,
Ponderano,2,Ponderano,,,,
Venaria Reale,1,Venaria Reale,,,,
Portet-sur-Garonne,2,Portet-sur-Garonne,,,,
New Brunswick,5,New Brunswick,,,,
Gierle,1,Gierle,,,,
Wateringen,1,Wateringen,,,,
Quogue,1,Quogue,,,,
Velsen,1,Velsen,,,,
Fagersta,2,Fagersta,,,,
Pontypridd,4,Pontypridd,,,,
Rayleigh,3,Rayleigh,,,,
Kidderminster,5,Kidderminster,,,,
Greenock,3,Greenock,,,,
Buckley,4,Buckley,,,,
Loughborough,4,Loughborough,,,,
Kingston upon Thames,11,Kingston upon Thames,,,,
Lichfield,1,Lichfield,,,,
Egham,2,Egham,,,,
Chesham,2,Chesham,,,,
Keele,5,Keele,,,,
Middlesex,2,Middlesex,,,,
Tring,1,Tring,,,,
Windsor,26,Windsor,,,,
Barrow,3,Barrow,,,,
Aston,5,Aston,,,,
Billings,28,Billings,,,,
Sioux Falls,30,Sioux Falls,,,,
Hoppegarten,1,Hoppegarten,,,,
Frome,1,Frome,,,,
Castaic Lake,3,Castaic Lake,,,,
Walla Walla,1,Walla Walla,,,,
Ansan,3,Ansan,,,,
Niles,1,Niles,,,,
Moorpark,1,Moorpark,,,,
Übersee,3,Übersee,,,,
Großpösna,6,Großpösna,,,,
Port Orchard,1,Port Orchard,,,,
Ovilla,1,Ovilla,,,,
Lyons,1,Lyons,,,,
Carpentersville,1,Carpentersville,,,,
Waldorf,2,Waldorf,,,,
Yonkers,2,Yonkers,,,,
Glens Falls,19,Glens Falls,,,,
Hohenfelden,15,Hohenfelden,,,,
Roswell,1,Roswell,,,,
Dubuque,8,Dubuque,,,,
Sarnia,7,Sarnia,,,,
Orem,13,Orem,,,,
Emeryville,2,Emeryville,,,,
Ratoath,3,Ratoath,,,,
Kahului,6,Kahului,,,,
North Attleboro,1,North Attleboro,,,,
Zephyrhills,10,Zephyrhills,,,,
Richfield,58,Richfield,,,,
Glenworth Valley,2,Glenworth Valley,,,,
Wayne,2,Wayne,,,,
Conyers,2,Conyers,,,,
Huntsville,20,Huntsville,,,,
Rockville,2,Rockville,,,,
Île de Ré,1,Île de Ré,,,,
Pullman,6,Pullman,,,,
Saint-Sébastien-sur-Loire,2,Saint-Sébastien-sur-Loire,,,,
Talence,7,Talence,,,,
Ebensee,1,Ebensee,,,,
Arcata,1,Arcata,,,,
Clisson,11,Clisson,,,,
Brétigny-sur-Orge,3,Brétigny-sur-Orge,,,,
Le Petit-Paris,1,Le Petit-Paris,,,,
Jiading,1,Jiading,,,,
Jämsä,1,Jämsä,,,,
Shenzhen,1,Shenzhen,,,,
Grand Junction,5,Grand Junction,,,,
Bremen,55,Bremen,,,,
Castle Donington,53,Castle Donington,,,,
Skive,7,Skive,,,,
Oberursel,1,Oberursel,,,,
Linz,18,Linz,,,,
Itu,4,Itu,,,,
Okinawa,3,Okinawa,,,,
Portimão,2,Portimão,,,,
Saint Charles,9,Saint Charles,,,,
Biloxi,43,Biloxi,,,,
Lubbock,37,Lubbock,,,,
Spartanburg,10,Spartanburg,,,,
Modesto,8,Modesto,,,,
Cross Plains,2,Cross Plains,,,,
Old Bridge,14,Old Bridge,,,,
Westminster,1,Westminster,,,,
Forest City,1,Forest City,,,,
Pocatello,5,Pocatello,,,,
Fort Myers,28,Fort Myers,,,,
Amarillo,19,Amarillo,,,,
Bewdley,1,Bewdley,,,,
Knebworth,14,Knebworth,,,,
Tuscaloosa,8,Tuscaloosa,,,,
L'Île-Saint-Denis,5,L'Île-Saint-Denis,,,,
Aberystwyth,2,Aberystwyth,,,,
Sutton Coldfield,4,Sutton Coldfield,,,,
Evansville,34,Evansville,,,,
Châtenay-Malabry,1,Châtenay-Malabry,,,,
Scheveningen,3,Scheveningen,,,,
Lewisville,1,Lewisville,,,,
Monticello,4,Monticello,,,,
Dania Beach,5,Dania Beach,,,,
Framingham,1,Framingham,,,,
Schenectady,6,Schenectady,,,,
Woodinville,5,Woodinville,,,,
West Allis,1,West Allis,,,,
Laurel,1,Laurel,,,,
Southsea,3,Southsea,,,,
Tolworth,2,Tolworth,,,,
Welwyn Garden City,1,Welwyn Garden City,,,,
Dagenham,8,Dagenham,,,,
Southall,8,Southall,,,,
Bromley,11,Bromley,,,,
Staines,1,Staines,,,,
Peterlee,2,Peterlee,,,,
Gladsaxe,1,Gladsaxe,,,,
Norton,1,Norton,,,,
Knivsta,1,Knivsta,,,,
Horslunde,1,Horslunde,,,,
Chichester,2,Chichester,,,,
Chantilly,2,Chantilly,,,,
Midhurst,1,Midhurst,,,,
Lahti,2,Lahti,,,,
Cava de' Tirreni,7,Cava de' Tirreni,,,,
Gentofte,8,Gentofte,,,,
Cedar Falls,5,Cedar Falls,,,,
Chapel Hill,12,Chapel Hill,,,,
Poitiers,7,Poitiers,,,,
Jonesboro,1,Jonesboro,,,,
Waterbury,3,Waterbury,,,,
Caen,10,Caen,,,,
Germersheim,1,Germersheim,,,,
Williamstown,4,Williamstown,,,,
Hakone,2,Hakone,,,,
Ossiach,1,Ossiach,,,,
Hatfield,1,Hatfield,,,,
Brescia,7,Brescia,,,,
Royaumont,1,Royaumont,,,,
Stirling,3,Stirling,,,,
Farnborough,5,Farnborough,,,,
Saarbrücken,18,Saarbrücken,,,,
Ludwigshafen am Rhein,17,Ludwigshafen am Rhein,,,,
Risskov,11,Risskov,,,,
Ellensburg,1,Ellensburg,,,,
Bishopsbourne,1,Bishopsbourne,,,,
Saint-Tropez,3,Saint-Tropez,,,,
Juan-les-Pins,3,Juan-les-Pins,,,,
Aachen,4,Aachen,,,,
Le Bourget,6,Le Bourget,,,,
Cottenham,2,Cottenham,,,,
Uxbridge,4,Uxbridge,,,,
Dunstable,22,Dunstable,,,,
Amougies,1,Amougies,,,,
Maastricht,2,Maastricht,,,,
Leiden,7,Leiden,,,,
Rugby,6,Rugby,,,,
Plumpton,3,Plumpton,,,,
Zaandam,2,Zaandam,,,,
Selby,1,Selby,,,,
Chesterfield,4,Chesterfield,,,,
Bridgend,2,Bridgend,,,,
Cottingham,1,Cottingham,,,,
Fife,1,Fife,,,,
Ryde,1,Ryde,,,,
St Andrews,1,St Andrews,,,,
Merthyr Tydfil,1,Merthyr Tydfil,,,,
Newcastle-under-Lyme,3,Newcastle-under-Lyme,,,,
Abtwil,1,Abtwil,,,,
Olten,1,Olten,,,,
Watford,30,Watford,,,,
Dunoon,2,Dunoon,,,,
Kasterlee,1,Kasterlee,,,,
Torrance,3,Torrance,,,,
Haverfordwest,1,Haverfordwest,,,,
Heesch,1,Heesch,,,,
Weesp,1,Weesp,,,,
Apeldoorn,2,Apeldoorn,,,,
Bussum,3,Bussum,,,,
Waddington,1,Waddington,,,,
Elstree,3,Elstree,,,,
Ertvelde,1,Ertvelde,,,,
Hampton Court,1,Hampton Court,,,,
Terneuzen,2,Terneuzen,,,,
Pontypool,2,Pontypool,,,,
Hastings,7,Hastings,,,,
Lewes,1,Lewes,,,,
Redruth,3,Redruth,,,,
Chislehurst,1,Chislehurst,,,,
Weymouth,1,Weymouth,,,,
Worthing,14,Worthing,,,,
Ballymena,1,Ballymena,,,,
East Dereham,1,East Dereham,,,,
Gorleston-on-Sea,1,Gorleston-on-Sea,,,,
"Douglas, Isle of Man",6,"Douglas, Isle of Man",,,,
Redcar,6,Redcar,,,,
Stowmarket,1,Stowmarket,,,,
Longfield,1,Longfield,,,,
Ramsgate,2,Ramsgate,,,,
Lowestoft,3,Lowestoft,,,,
Spalding,1,Spalding,,,,
Nantwich,3,Nantwich,,,,
Croes-goch,1,Croes-goch,,,,
High Wycombe,10,High Wycombe,,,,
Hinckley,8,Hinckley,,,,
Ainsdale,1,Ainsdale,,,,
Crawley,37,Crawley,,,,
Greenford,95,Greenford,,,,
Barnstaple,3,Barnstaple,,,,
Tilbury,1,Tilbury,,,,
Bishop's Stortford,3,Bishop's Stortford,,,,
Ross on Wye,1,Ross on Wye,,,,
Bognor Regis,2,Bognor Regis,,,,
Hounslow,9,Hounslow,,,,
Rotherham,2,Rotherham,,,,
Camberley,5,Camberley,,,,
Great Malvern,8,Great Malvern,,,,
Kirklevington,2,Kirklevington,,,,
Addington,1,Addington,,,,
Bletchley,2,Bletchley,,,,
Soho,3,Soho,,,,
Hay-on-wye,1,Hay-on-wye,,,,
Shelford,1,Shelford,,,,
Oro-Medonte,1,Oro-Medonte,,,,
Teesside County Borough,1,Teesside County Borough,,,,
Sesimbra,6,Sesimbra,,,,
Rümlang,4,Rümlang,,,,
Santo Domingo,1,Santo Domingo,,,,
Fairburn,1,Fairburn,,,,
West Des Moines,10,West Des Moines,,,,
Northumberland,1,Northumberland,,,,
Sparks,4,Sparks,,,,
Henderson,5,Henderson,,,,
Southaven,6,Southaven,,,,
St. John's,17,St. John's,,,,
Glace Bay,1,Glace Bay,,,,
Thunder Bay,9,Thunder Bay,,,,
Iqaluit,1,Iqaluit,,,,
Yellowknife,1,Yellowknife,,,,
Whitehorse,1,Whitehorse,,,,
Manaus,1,Manaus,,,,
Puerto Iguazú,1,Puerto Iguazú,,,,
Olympia,6,Olympia,,,,
Schorndorf,1,Schorndorf,,,,
Clermont-Ferrand,8,Clermont-Ferrand,,,,
Eureka,3,Eureka,,,,
Claremont,2,Claremont,,,,
Bennington,1,Bennington,,,,
Oberlin,1,Oberlin,,,,
Nanterre,3,Nanterre,,,,
Spielberg bei Knittelfeld,1,Spielberg bei Knittelfeld,,,,
Orchard Park,11,Orchard Park,,,,
Speedway,3,Speedway,,,,
Pokolbin,2,Pokolbin,,,,
Marina Bay,1,Marina Bay,,,,
Budva,1,Budva,,,,
El Ejido,2,El Ejido,,,,
Lisboa,2,Lisboa,,,,
Horsens,11,Horsens,,,,
East Hartford,1,East Hartford,,,,
Coimbra,3,Coimbra,,,,
Benidorm,3,Benidorm,,,,
Málaga,5,Málaga,,,,
Waikoloa Village,1,Waikoloa Village,,,,
Wolfsburg,4,Wolfsburg,,,,
Bad Bentheim,1,Bad Bentheim,,,,
Zeltweg,4,Zeltweg,,,,
Rockford,24,Rockford,,,,
Oshawa,8,Oshawa,,,,
Myrtle Beach,3,Myrtle Beach,,,,
Lakeland,23,Lakeland,,,,
Livermore,1,Livermore,,,,
Helsingborg,5,Helsingborg,,,,
Lynn,6,Lynn,,,,
s-Hertogenbosch,8,s-Hertogenbosch,,,,
Clearwater,19,Clearwater,,,,
Geylang,2,Geylang,,,,
Invercargill,2,Invercargill,,,,
Port Soif,3,Port Soif,,,,
Warminster,1,Warminster,,,,
Harrisburg,13,Harrisburg,,,,
Cannock,1,Cannock,,,,
East Ham,1,East Ham,,,,
Aylesbury,13,Aylesbury,,,,
Epsom,3,Epsom,,,,
Kettering,8,Kettering,,,,
Harrow,4,Harrow,,,,
Forest Hill,29,Forest Hill,,,,
Leek,1,Leek,,,,
Putney,15,Putney,,,,
Baldock,1,Baldock,,,,
Hereford,3,Hereford,,,,
Altrincham,2,Altrincham,,,,
Dalston,1,Dalston,,,,
Whitley Bay,5,Whitley Bay,,,,
Streatham,5,Streatham,,,,
Sutton,13,Sutton,,,,
Sidcup,1,Sidcup,,,,
Konstanz,14,Konstanz,,,,
Mönchengladbach,3,Mönchengladbach,,,,
Tribeca,4,Tribeca,,,,
Potsdam,9,Potsdam,,,,
Bochum,7,Bochum,,,,
Fort Mill,2,Fort Mill,,,,
Panama City Beach,8,Panama City Beach,,,,
Malta,2,Malta,,,,
Soda Springs,3,Soda Springs,,,,
Karlsruhe,14,Karlsruhe,,,,
Hildesheim,4,Hildesheim,,,,
Cunlhat,2,Cunlhat,,,,
Alsfeld,1,Alsfeld,,,,
O'ahu,1,O'ahu,,,,
Binghamton,32,Binghamton,,,,
Fredericton,2,Fredericton,,,,
Cheektowaga,4,Cheektowaga,,,,
Neenah,1,Neenah,,,,
Deba,1,Deba,,,,
Oviedo,3,Oviedo,,,,
Wermelskirchen,2,Wermelskirchen,,,,
Ibbenbüren,1,Ibbenbüren,,,,
Mezzago,3,Mezzago,,,,
Backnang,1,Backnang,,,,
Kontich,3,Kontich,,,,
Enger,2,Enger,,,,
Fern Park,1,Fern Park,,,,
Davie,4,Davie,,,,
Andoain,2,Andoain,,,,
Bellmawr,1,Bellmawr,,,,
Somers Point,1,Somers Point,,,,
Swainsboro,1,Swainsboro,,,,
Bryan,1,Bryan,,,,
Alameda Creek,2,Alameda Creek,,,,
Atco,1,Atco,,,,
Elmhurst,4,Elmhurst,,,,
Kennewick,2,Kennewick,,,,
Corte Madera,1,Corte Madera,,,,
Benicia,3,Benicia,,,,
Beloit,2,Beloit,,,,
Otsego,1,Otsego,,,,
Cape Cod,1,Cape Cod,,,,
East Orange,3,East Orange,,,,
Janesville,4,Janesville,,,,
Kamloops,6,Kamloops,,,,
San Luis Obispo,11,San Luis Obispo,,,,
Toome,1,Toome,,,,
Ieper,1,Ieper,,,,
Laudio-Llodio,1,Laudio-Llodio,,,,
Gryfino,1,Gryfino,,,,
Verden,1,Verden,,,,
Osnabrück,7,Osnabrück,,,,
Grosse Isle,1,Grosse Isle,,,,
McKinleyville,1,McKinleyville,,,,
Pico Rivera,3,Pico Rivera,,,,
Town of East Windsor,1,Town of East Windsor,,,,
Seabeck,1,Seabeck,,,,
Pinole,2,Pinole,,,,
Stanford,1,Stanford,,,,
Guerneville,2,Guerneville,,,,
Garberville,2,Garberville,,,,
Tampa Bay,1,Tampa Bay,,,,
Vallejo,1,Vallejo,,,,
Hämeenlinna,2,Hämeenlinna,,,,
Nonthaburi,1,Nonthaburi,,,,
Rosario,4,Rosario,,,,
Olinda,4,Olinda,,,,
La Paz,3,La Paz,,,,
Pryor,8,Pryor,,,,
Sepang,1,Sepang,,,,
Gurgaon,1,Gurgaon,,,,
Mallorca,1,Mallorca,,,,
Unterpremstätten,4,Unterpremstätten,,,,
Dessel,14,Dessel,,,,
Toulon,9,Toulon,,,,
Córdoba,10,Córdoba,,,,
Sturgis,10,Sturgis,,,,
Norje,6,Norje,,,,
Quito,13,Quito,,,,
Estero,5,Estero,,,,
Augusta,15,Augusta,,,,
Las Cruces,21,Las Cruces,,,,
Würzburg,11,Würzburg,,,,
Gateshead,4,Gateshead,,,,
Grove City,1,Grove City,,,,
Middletown,10,Middletown,,,,
Cape Girardeau,6,Cape Girardeau,,,,
Wheeling,10,Wheeling,,,,
Danville,1,Danville,,,,
Oshkosh,7,Oshkosh,,,,
McAllen,10,McAllen,,,,
Randolph Township,1,Randolph Township,,,,
Glendora,1,Glendora,,,,
San Pedro,2,San Pedro,,,,
Pistoia,8,Pistoia,,,,
Fulda,5,Fulda,,,,
Owings Mills,6,Owings Mills,,,,
Brookville,4,Brookville,,,,
Palm Springs,1,Palm Springs,,,,
Freshwater,3,Freshwater,,,,
West Covina,2,West Covina,,,,
Corvallis,2,Corvallis,,,,
Goleta,2,Goleta,,,,
Hull,3,Hull,,,,
Westport,1,Westport,,,,
Oswego,2,Oswego,,,,
Alexandria,2,Alexandria,,,,
Whittier,1,Whittier,,,,
Greenwich,1,Greenwich,,,,
Island Park,2,Island Park,,,,
Marin County,1,Marin County,,,,
Merced,1,Merced,,,,
La Crescenta,1,La Crescenta,,,,
Van Nuys,3,Van Nuys,,,,
Woodland Hills,4,Woodland Hills,,,,
Monrovia,1,Monrovia,,,,
Turlock,2,Turlock,,,,
Studio City,2,Studio City,,,,
Oxnard,2,Oxnard,,,,
Redlands,1,Redlands,,,,
Gävle,3,Gävle,,,,
Fuenlabrada,2,Fuenlabrada,,,,
Saint Helens,8,Saint Helens,,,,
Sparta,4,Sparta,,,,
Rockingham,5,Rockingham,,,,
Nuenen,2,Nuenen,,,,
Sauget,8,Sauget,,,,
Lichtenfels,2,Lichtenfels,,,,
Erfurt,18,Erfurt,,,,
Corunna,5,Corunna,,,,
Cascais,4,Cascais,,,,
Mineola,1,Mineola,,,,
Corona,2,Corona,,,,
Wels,6,Wels,,,,
Klettwitz,1,Klettwitz,,,,
Riesa,4,Riesa,,,,
Cairns,3,Cairns,,,,
Liévin,3,Liévin,,,,
Bolzano,6,Bolzano,,,,
Oldenburg,12,Oldenburg,,,,
Johnson City,23,Johnson City,,,,
Manhattan,3,Manhattan,,,,
Lake Charles,5,Lake Charles,,,,
Charlevoix,8,Charlevoix,,,,
Drammen,12,Drammen,,,,
Bismarck,7,Bismarck,,,,
Neunkirchen am Brand,9,Neunkirchen am Brand,,,,
Eppelheim,8,Eppelheim,,,,
Nettuno,1,Nettuno,,,,
South Bend,18,South Bend,,,,
Suita,6,Suita,,,,
Le Mans,6,Le Mans,,,,
Pau,6,Pau,,,,
Metz,6,Metz,,,,
Ravensburg,4,Ravensburg,,,,
Queensferry,4,Queensferry,,,,
Breda,2,Breda,,,,
Arlon,1,Arlon,,,,
Rouen,3,Rouen,,,,
Muret,1,Muret,,,,
Reims,7,Reims,,,,
Hof,2,Hof,,,,
Regensburg,6,Regensburg,,,,
Passau,2,Passau,,,,
Dothan,2,Dothan,,,,
Midland,6,Midland,,,,
Aix-les-Bains,8,Aix-les-Bains,,,,
Bilzen,4,Bilzen,,,,
Pecatonica,3,Pecatonica,,,,
Koekelare,1,Koekelare,,,,
Schaumburg,4,Schaumburg,,,,
Morristown,2,Morristown,,,,
Keighley,1,Keighley,,,,
West Runton,4,West Runton,,,,
Northampton Township,1,Northampton Township,,,,
Poperinge,4,Poperinge,,,,
Kaiserslautern,2,Kaiserslautern,,,,
Singen,3,Singen,,,,
Aartrijke,1,Aartrijke,,,,
Maidenhead,1,Maidenhead,,,,
Northamptonshire,1,Northamptonshire,,,,
Moe,2,Moe,,,,
Ballarat,1,Ballarat,,,,
Horsham,1,Horsham,,,,
Burnie,2,Burnie,,,,
Rockhampton,2,Rockhampton,,,,
Bundaberg,1,Bundaberg,,,,
Toowoomba,1,Toowoomba,,,,
Dubbo,1,Dubbo,,,,
Orange,5,Orange,,,,
Albury,2,Albury,,,,
Shepparton,2,Shepparton,,,,
Hoensbroek,1,Hoensbroek,,,,
Wiesbaden,14,Wiesbaden,,,,
Bremerhaven,1,Bremerhaven,,,,
Cleethorpes,2,Cleethorpes,,,,
Penzance,1,Penzance,,,,
Burton upon Trent,2,Burton upon Trent,,,,
Anderstorp,1,Anderstorp,,,,
Växjö,1,Växjö,,,,
Höllviken,1,Höllviken,,,,
Vinberg,1,Vinberg,,,,
Yeovil,3,Yeovil,,,,
Gravesend,2,Gravesend,,,,
Corby,2,Corby,,,,
Bedworth,1,Bedworth,,,,
Retford,2,Retford,,,,
Korumburra,1,Korumburra,,,,
Castlemaine,1,Castlemaine,,,,
Queenstown,1,Queenstown,,,,
Bairnsdale,1,Bairnsdale,,,,
Sale,1,Sale,,,,
Wonthaggi,1,Wonthaggi,,,,
Ararat,1,Ararat,,,,
Apollo Bay,1,Apollo Bay,,,,
Echuca,1,Echuca,,,,
Cobram,1,Cobram,,,,
Swan Hill,1,Swan Hill,,,,
Mildura,1,Mildura,,,,
Warrnambool,1,Warrnambool,,,,
Point Turton,1,Point Turton,,,,
Mount Gambier,3,Mount Gambier,,,,
Inverell,1,Inverell,,,,
Grafton,1,Grafton,,,,
Geelong,7,Geelong,,,,
Katanning,1,Katanning,,,,
Geraldton,1,Geraldton,,,,
Merredin,1,Merredin,,,,
Green Valley Creek,1,Green Valley Creek,,,,
Daceyville,1,Daceyville,,,,
Forestville,2,Forestville,,,,
Wyong,2,Wyong,,,,
Kilmore,1,Kilmore,,,,
Sorrento,1,Sorrento,,,,
Rockdale,1,Rockdale,,,,
French's Forest,1,French's Forest,,,,
Kelowna,16,Kelowna,,,,
Nassau,3,Nassau,,,,
Roehampton,1,Roehampton,,,,
Ostend,5,Ostend,,,,
Olofström,1,Olofström,,,,
Àrbatax,1,Àrbatax,,,,
Kalvøya,7,Kalvøya,,,,
Neubiberg,3,Neubiberg,,,,
Lübeck,2,Lübeck,,,,
Bellinzona,1,Bellinzona,,,,
Balingen,3,Balingen,,,,
Fontvieille,2,Fontvieille,,,,
Kitakyushu,3,Kitakyushu,,,,
Schüttorf,2,Schüttorf,,,,
La Courneuve,5,La Courneuve,,,,
Bad Segeberg,4,Bad Segeberg,,,,
Casselberry,1,Casselberry,,,,
Hemel Hempstead,2,Hemel Hempstead,,,,
Eltham,4,Eltham,,,,
Beckenham,5,Beckenham,,,,
Basildon,4,Basildon,,,,
Rutherford,2,Rutherford,,,,
Monsummano Terme,2,Monsummano Terme,,,,
Falmouth,2,Falmouth,,,,
Murcia,6,Murcia,,,,
Empoli,1,Empoli,,,,
Belladrum,1,Belladrum,,,,
Luhmühlen,2,Luhmühlen,,,,
Comuna Bonţida,1,Comuna Bonţida,,,,
Corsica,1,Corsica,,,,
Saint-Malô-du-Bois,3,Saint-Malô-du-Bois,,,,
Carcassonne,6,Carcassonne,,,,
Zeewolde,1,Zeewolde,,,,
Serdang,1,Serdang,,,,
North Bethesda,1,North Bethesda,,,,
Pioneertown,2,Pioneertown,,,,
Vlieland,1,Vlieland,,,,
Vila Nova de Gaia,5,Vila Nova de Gaia,,,,
Argelès-sur-Mer,3,Argelès-sur-Mer,,,,
Limerick,24,Limerick,,,,
Palma de Mallorca,4,Palma de Mallorca,,,,
Jesolo,3,Jesolo,,,,
Angoulême,2,Angoulême,,,,
Selkirk,1,Selkirk,,,,
Atarfe,1,Atarfe,,,,
Tournefeuille,4,Tournefeuille,,,,
Gisborne,1,Gisborne,,,,
Southwold,1,Southwold,,,,
Ullapool,1,Ullapool,,,,
Portree,1,Portree,,,,
Incheon,5,Incheon,,,,
Arvika,3,Arvika,,,,
Viña del Mar,3,Viña del Mar,,,,
Le Grand-Quevilly,4,Le Grand-Quevilly,,,,
Vantaa,4,Vantaa,,,,
Haldern,2,Haldern,,,,
Hafnarfjörður,2,Hafnarfjörður,,,,
Stoke Newington,1,Stoke Newington,,,,
Kings,1,Kings,,,,
Saint-Brieuc,2,Saint-Brieuc,,,,
Santa Cruz de Tenerife,1,Santa Cruz de Tenerife,,,,
Santa Coloma de Gramenet,2,Santa Coloma de Gramenet,,,,
Rivas-Vaciamadrid,2,Rivas-Vaciamadrid,,,,
Batumi,1,Batumi,,,,
Cheyenne,5,Cheyenne,,,,
Fort McMurray,2,Fort McMurray,,,,
Salinas,1,Salinas,,,,
Hidalgo,6,Hidalgo,,,,
Durant,2,Durant,,,,
Dana Point,5,Dana Point,,,,
Cadott,13,Cadott,,,,
Fairlea,3,Fairlea,,,,
Grand Falls,1,Grand Falls,,,,
Laval,2,Laval,,,,
Kanazawa,3,Kanazawa,,,,
Paso Robles,10,Paso Robles,,,,
Wailuku,2,Wailuku,,,,
Kelseyville,5,Kelseyville,,,,
Rheinstetten,2,Rheinstetten,,,,
Butzbach,1,Butzbach,,,,
Randers,3,Randers,,,,
Tupelo,5,Tupelo,,,,
Sarasota,3,Sarasota,,,,
Chofu,1,Chofu,,,,
La Crosse,15,La Crosse,,,,
Mankato,7,Mankato,,,,
Cape Canaveral,2,Cape Canaveral,,,,
Bayamón,1,Bayamón,,,,
Moosic,1,Moosic,,,,
Livingston,1,Livingston,,,,
Pueblo,8,Pueblo,,,,
Lake Placid,2,Lake Placid,,,,
Glen Falls,1,Glen Falls,,,,
Muskegon,6,Muskegon,,,,
Merrillville,6,Merrillville,,,,
South Yarmouth,5,South Yarmouth,,,,
Palisades Park,1,Palisades Park,,,,
Long Island,3,Long Island,,,,
Pine Bluff,4,Pine Bluff,,,,
Göppingen,1,Göppingen,,,,
Maebashi,2,Maebashi,,,,
Terre Haute,5,Terre Haute,,,,
Waterloo,3,Waterloo,,,,
Hamilton Township,1,Hamilton Township,,,,
McKeesport,3,McKeesport,,,,
Parsippany,2,Parsippany,,,,
Battle Creek,10,Battle Creek,,,,
Westborough,1,Westborough,,,,
Sedalia,5,Sedalia,,,,
Allen Park,1,Allen Park,,,,
Escoheag,1,Escoheag,,,,
Roslyn,1,Roslyn,,,,
Fall River,1,Fall River,,,,
Kenosha,5,Kenosha,,,,
Alfred,2,Alfred,,,,
Smithfield,1,Smithfield,,,,
Easton,1,Easton,,,,
West Hartford,1,West Hartford,,,,
South Orange,1,South Orange,,,,
University Heights,1,University Heights,,,,
North Swanzey,2,North Swanzey,,,,
Nashua,5,Nashua,,,,
Cortland,2,Cortland,,,,
Beverly,2,Beverly,,,,
Revere,2,Revere,,,,
Peabody,1,Peabody,,,,
Mendon,10,Mendon,,,,
West Acton,1,West Acton,,,,
City of Claremont,3,City of Claremont,,,,
Sherborn,1,Sherborn,,,,
North Andover,2,North Andover,,,,
Littleton,2,Littleton,,,,
Montpelier,1,Montpelier,,,,
Newbury,7,Newbury,,,,
Cavendish,7,Cavendish,,,,
Town of Hardwick,1,Town of Hardwick,,,,
Abington,1,Abington,,,,
Hopedale,3,Hopedale,,,,
Greenfield,1,Greenfield,,,,
Upton,1,Upton,,,,
Carmel,1,Carmel,,,,
Oxon Hill,4,Oxon Hill,,,,
Pratteln,3,Pratteln,,,,
Plovdiv,4,Plovdiv,,,,
Trakai,1,Trakai,,,,
St. Augustine,15,St. Augustine,,,,
Lenox,6,Lenox,,,,
Dnipropetrovs'k,3,Dnipropetrovs'k,,,,
Getafe,8,Getafe,,,,
Ospedaletto,2,Ospedaletto,,,,
Camrose,5,Camrose,,,,
Saint Cloud,4,Saint Cloud,,,,
Hutchinson,3,Hutchinson,,,,
Vernon,3,Vernon,,,,
Batesville,1,Batesville,,,,
Hemet,1,Hemet,,,,
Sigtuna,1,Sigtuna,,,,
Cabo Ruivo,1,Cabo Ruivo,,,,
Valby,1,Valby,,,,
Barnsley,3,Barnsley,,,,
Wakefield,1,Wakefield,,,,
Telluride,4,Telluride,,,,
Hale'iwa,1,Hale'iwa,,,,
Vitoria-Gasteiz,9,Vitoria-Gasteiz,,,,
Kissimmee,3,Kissimmee,,,,
Salzburg,6,Salzburg,,,,
Nacogdoches,2,Nacogdoches,,,,
Gimli,1,Gimli,,,,
Bozeman,9,Bozeman,,,,
Fords,6,Fords,,,,
Puyallup,3,Puyallup,,,,
Hessisch Lichtenau,2,Hessisch Lichtenau,,,,
Lethbridge,7,Lethbridge,,,,
Prince George,8,Prince George,,,,
Post Falls,3,Post Falls,,,,
Bottineau,2,Bottineau,,,,
Middelfart,2,Middelfart,,,,
Borgaro Torinese,1,Borgaro Torinese,,,,
Cranbrook,2,Cranbrook,,,,
Shiner,3,Shiner,,,,
Vieira do Minho,1,Vieira do Minho,,,,
Greenwood,2,Greenwood,,,,
Starkville,4,Starkville,,,,
Marquette,1,Marquette,,,,
Chicago Heights,2,Chicago Heights,,,,
Abbotsford,4,Abbotsford,,,,
Wommelgem,1,Wommelgem,,,,
Salford,1,Salford,,,,
La Vergne,2,La Vergne,,,,
Düdingen,2,Düdingen,,,,
Lüdinghausen,3,Lüdinghausen,,,,
Palm Desert,2,Palm Desert,,,,
Sondershausen,1,Sondershausen,,,,
Spring Valley,1,Spring Valley,,,,
Folkestone,4,Folkestone,,,,
Herford,6,Herford,,,,
Rhondda,1,Rhondda,,,,
Roseville,3,Roseville,,,,
Palestrina,1,Palestrina,,,,
Fox Plaza,2,Fox Plaza,,,,
la Guingueta d'Àneu,1,la Guingueta d'Àneu,,,,
Granada,7,Granada,,,,
Haifa,2,Haifa,,,,
Spanish Fork,1,Spanish Fork,,,,
Bülach,2,Bülach,,,,
Rosarito,1,Rosarito,,,,
Irwindale,2,Irwindale,,,,
Ogden,2,Ogden,,,,
Fehmarn,1,Fehmarn,,,,
Makawao,1,Makawao,,,,
Byron,1,Byron,,,,
Greenwich Village,1,Greenwich Village,,,,
Bethel,10,Bethel,,,,
Woodstock,1,Woodstock,,,,
Vigevano,2,Vigevano,,,,
Glen Allen,3,Glen Allen,,,,
Plainview,2,Plainview,,,,
Somerville,1,Somerville,,,,
Bayside,1,Bayside,,,,
Newton,1,Newton,,,,
King George Island,1,King George Island,,,,
Yverdon-les-Bains,1,Yverdon-les-Bains,,,,
Milovice,1,Milovice,,,,
Jonschwil,2,Jonschwil,,,,
Durban,5,Durban,,,,
Centurion,2,Centurion,,,,
San Quentin,1,San Quentin,,,,
Minden,2,Minden,,,,
Brunssum,1,Brunssum,,,,
Ferris,1,Ferris,,,,
Pownal,1,Pownal,,,,
Tuktoyaktuk,1,Tuktoyaktuk,,,,
Ionia,2,Ionia,,,,
Mechanicsburg,1,Mechanicsburg,,,,
Essex Junction,7,Essex Junction,,,,
Chicoutimi,2,Chicoutimi,,,,
Abilene,4,Abilene,,,,
Waco,1,Waco,,,,
Antrim,1,Antrim,,,,
Pamplona,5,Pamplona,,,,
Pforzheim,2,Pforzheim,,,,
Greifensee,1,Greifensee,,,,
Holstebro,1,Holstebro,,,,
Victoriaville,1,Victoriaville,,,,
Rimouski,4,Rimouski,,,,
Pihtipudas,1,Pihtipudas,,,,
Eau Claire,3,Eau Claire,,,,
Scotia,1,Scotia,,,,
Nivala,1,Nivala,,,,
Tarvasjoki,1,Tarvasjoki,,,,
Sindelfingen,6,Sindelfingen,,,,
De Westereen,1,De Westereen,,,,
Oldenzaal,1,Oldenzaal,,,,
Valley Stream,1,Valley Stream,,,,
South River,1,South River,,,,
Port Jervis,1,Port Jervis,,,,
Bellevue,1,Bellevue,,,,
Portales,1,Portales,,,,
Tyler,2,Tyler,,,,
Roland,1,Roland,,,,
Russellville,1,Russellville,,,,
Texarkana,2,Texarkana,,,,
Bald Knob,1,Bald Knob,,,,
Morganville,1,Morganville,,,,
Babylon,1,Babylon,,,,
Jamestown,1,Jamestown,,,,
Cranleigh,1,Cranleigh,,,,
Prescot,1,Prescot,,,,
Isle of Man,1,Isle of Man,,,,
Indian Wells,1,Indian Wells,,,,
New Forest,1,New Forest,,,,
Poole,6,Poole,,,,
St Austell,5,St Austell,,,,
Cambrai,1,Cambrai,,,,
Voorburg,1,Voorburg,,,,
Edwardsville,2,Edwardsville,,,,
Eastbourne,3,Eastbourne,,,,
Purley,5,Purley,,,,
White Plains,3,White Plains,,,,
Dunfermline,6,Dunfermline,,,,
Wootton,2,Wootton,,,,
Lake Geneva,2,Lake Geneva,,,,
Auchinleck,1,Auchinleck,,,,
Isleworth,3,Isleworth,,,,
Ramsey,3,Ramsey,,,,
Brentwood,1,Brentwood,,,,
Devizes,1,Devizes,,,,
Paisley,1,Paisley,,,,
North Tonawanda,2,North Tonawanda,,,,
Algonquin,1,Algonquin,,,,
Ellenville,1,Ellenville,,,,
Key Biscayne,1,Key Biscayne,,,,
Chalmette,1,Chalmette,,,,
Tottenham,1,Tottenham,,,,
Commack,3,Commack,,,,
Scotch Plains,1,Scotch Plains,,,,
Muncie,3,Muncie,,,,
Southfield,1,Southfield,,,,
Overland Park,1,Overland Park,,,,
Montgomery,6,Montgomery,,,,
Lido Beach,2,Lido Beach,,,,
Arlington Heights,2,Arlington Heights,,,,
Magilligan Point,1,Magilligan Point,,,,
Siegen,2,Siegen,,,,
Cromer,1,Cromer,,,,
Grimsby,2,Grimsby,,,,
Ilford,2,Ilford,,,,
Hadleigh,2,Hadleigh,,,,
Cheam,1,Cheam,,,,
Dumfries,1,Dumfries,,,,
Halmstad,2,Halmstad,,,,
Höör,1,Höör,,,,
Herlev,1,Herlev,,,,
Hassocks,3,Hassocks,,,,
Felixstowe,1,Felixstowe,,,,
Grantham,3,Grantham,,,,
Nyköping,1,Nyköping,,,,
Sundsvall,1,Sundsvall,,,,
Kungsör,1,Kungsör,,,,
Ashton-under-Lyne,1,Ashton-under-Lyne,,,,
Bury,1,Bury,,,,
Lisburn,1,Lisburn,,,,
Stourbridge,3,Stourbridge,,,,
Catford,1,Catford,,,,
Walsall,2,Walsall,,,,
Issy-les-Moulineaux,1,Issy-les-Moulineaux,,,,
Hertford,1,Hertford,,,,
March,1,March,,,,
Cheshunt,5,Cheshunt,,,,
Leigh,2,Leigh,,,,
Galashiels,1,Galashiels,,,,
Cwmbran,1,Cwmbran,,,,
Hackney,1,Hackney,,,,
Ammanford,1,Ammanford,,,,
Skewen,1,Skewen,,,,
Edgware,1,Edgware,,,,
Hanwell,2,Hanwell,,,,
Milford Haven,2,Milford Haven,,,,
Scunthorpe,1,Scunthorpe,,,,
Elsinore,1,Elsinore,,,,
Basingstoke,2,Basingstoke,,,,
St Leonards,1,St Leonards,,,,
Whaddon,1,Whaddon,,,,
Llanelli,1,Llanelli,,,,
Ventnor,1,Ventnor,,,,
Hayes,2,Hayes,,,,
Wallington,1,Wallington,,,,
Rawtenstall,1,Rawtenstall,,,,
Wealdstone,16,Wealdstone,,,,
Chippenham,2,Chippenham,,,,
Strathclyde Region,1,Strathclyde Region,,,,
Trowbridge,2,Trowbridge,,,,
Bridgwater,1,Bridgwater,,,,
Hendon,1,Hendon,,,,
Royston,1,Royston,,,,
Leytonstone,4,Leytonstone,,,,
Brentford,1,Brentford,,,,
Perivale,1,Perivale,,,,
Broadstairs,8,Broadstairs,,,,
Northolt,2,Northolt,,,,
Kilburn,1,Kilburn,,,,
Ho Chi Minh City,2,Ho Chi Minh City,,,,
Catonsville,1,Catonsville,,,,
Loganholme,1,Loganholme,,,,
Belle Vernon,1,Belle Vernon,,,,
Indianola,4,Indianola,,,,
Ventura County,1,Ventura County,,,,
Lake Park,1,Lake Park,,,,
Irvington,1,Irvington,,,,
Stamford,1,Stamford,,,,
South Amboy,4,South Amboy,,,,
State College,5,State College,,,,
West Columbia,1,West Columbia,,,,
Clearfield,1,Clearfield,,,,
Prunedale,1,Prunedale,,,,
Lake Grove,1,Lake Grove,,,,
Boonton,1,Boonton,,,,
Winslow,1,Winslow,,,,
Rutland,1,Rutland,,,,
Temecula,3,Temecula,,,,
Bound Brook,1,Bound Brook,,,,
Garfield,1,Garfield,,,,
Ewing,3,Ewing,,,,
Papantla de Olarte,1,Papantla de Olarte,,,,
Angers,3,Angers,,,,
Latham,1,Latham,,,,
Sandy City,1,Sandy City,,,,
Hachioji,1,Hachioji,,,,
Sursee,3,Sursee,,,,
Amagasaki,1,Amagasaki,,,,
Ballard,1,Ballard,,,,
Grinnell,1,Grinnell,,,,
Roselle,1,Roselle,,,,
Malibu,7,Malibu,,,,
Krasnoyarsk,5,Krasnoyarsk,,,,
Perm',2,Perm',,,,
Tolyatti,1,Tolyatti,,,,
Volgograd,2,Volgograd,,,,
Sochi,3,Sochi,,,,
Patrimonio,2,Patrimonio,,,,
Kazan',5,Kazan',,,,
Klam,5,Klam,,,,
Bayonne,3,Bayonne,,,,
Piazzola sul Brenta,1,Piazzola sul Brenta,,,,
Schladming,2,Schladming,,,,
Hohenems,3,Hohenems,,,,
León,3,León,,,,
Highland,1,Highland,,,,
Shah Alam,2,Shah Alam,,,,
Razlog,1,Razlog,,,,
Muscat,1,Muscat,,,,
Enschede,3,Enschede,,,,
Blasdell,1,Blasdell,,,,
Cabazon,3,Cabazon,,,,
Dewey Beach,3,Dewey Beach,,,,
Pittston,1,Pittston,,,,
Edgerton,1,Edgerton,,,,
Pittsburg,1,Pittsburg,,,,
Guelph,1,Guelph,,,,
North Bay,2,North Bay,,,,
Conway,1,Conway,,,,
Clive,2,Clive,,,,
South Padre Island,1,South Padre Island,,,,
Independence,2,Independence,,,,
Karlskoga,2,Karlskoga,,,,
Kuwait City,1,Kuwait City,,,,
Rochester Hills,9,Rochester Hills,,,,
Harrington,4,Harrington,,,,
Cool Springs,1,Cool Springs,,,,
Englishtown,3,Englishtown,,,,
South Hackensack,2,South Hackensack,,,,
Bushnell,1,Bushnell,,,,
Rüsselsheim,1,Rüsselsheim,,,,
Gibraltar,1,Gibraltar,,,,
Twin Lakes,1,Twin Lakes,,,,
Joliet,5,Joliet,,,,
Östersund,1,Östersund,,,,
Cancún,3,Cancún,,,,
Weert,3,Weert,,,,
Cognac,1,Cognac,,,,
Nort-sur-Erdre,1,Nort-sur-Erdre,,,,
Montbéliard,2,Montbéliard,,,,
Beauvais,2,Beauvais,,,,
Cournon-d'Auvergne,4,Cournon-d'Auvergne,,,,
Acapulco,2,Acapulco,,,,
Tampico,1,Tampico,,,,
Lorient,2,Lorient,,,,
Burriana,1,Burriana,,,,
Motril,2,Motril,,,,
Izmir,1,Izmir,,,,
Amiens,3,Amiens,,,,
Limoges,3,Limoges,,,,
Tours,4,Tours,,,,
Red Bank,12,Red Bank,,,,
Killarney,1,Killarney,,,,
Villorba,4,Villorba,,,,
Ancona,2,Ancona,,,,
Alpine,1,Alpine,,,,
Umeå,2,Umeå,,,,
Vilvoorde,1,Vilvoorde,,,,
San Colombano al Lambro,1,San Colombano al Lambro,,,,
Sausalito,1,Sausalito,,,,
Plainfield,1,Plainfield,,,,
Coleraine,2,Coleraine,,,,
Gourock,1,Gourock,,,,
Glenery,1,Glenery,,,,
Cherokee,2,Cherokee,,,,
Frederick,2,Frederick,,,,
Walker,6,Walker,,,,
Rhinebeck,1,Rhinebeck,,,,
Mount Pocono Overlook,1,Mount Pocono Overlook,,,,
Hot Springs,1,Hot Springs,,,,
Ignacio,1,Ignacio,,,,
Plant City,1,Plant City,,,,
Prior Lake,2,Prior Lake,,,,
Harris,4,Harris,,,,
Timonium,3,Timonium,,,,
Blue Ash,1,Blue Ash,,,,
Naperville,1,Naperville,,,,
Vineland,1,Vineland,,,,
Herrin,3,Herrin,,,,
Mescalero,2,Mescalero,,,,
Carrollton,1,Carrollton,,,,
Palmer,3,Palmer,,,,
Lévis,3,Lévis,,,,
Shawnee,1,Shawnee,,,,
Robinsonville,5,Robinsonville,,,,
Enid,1,Enid,,,,
Charenton,1,Charenton,,,,
Pharr,3,Pharr,,,,
Patuxent River,1,Patuxent River,,,,
Cohasset,2,Cohasset,,,,
Hyannis,1,Hyannis,,,,
Readington,1,Readington,,,,
Goshen,1,Goshen,,,,
Pearl Harbor,3,Pearl Harbor,,,,
Apple Valley,1,Apple Valley,,,,
Bonnyville,2,Bonnyville,,,,
Coquitlam,3,Coquitlam,,,,
Friant,1,Friant,,,,
New Bedford,1,New Bedford,,,,
El Reno,1,El Reno,,,,
Newkirk,1,Newkirk,,,,
Catoosa,2,Catoosa,,,,
Lincoln City,2,Lincoln City,,,,
Visalia,5,Visalia,,,,
Huron,1,Huron,,,,
Monroe,4,Monroe,,,,
Roseburg,2,Roseburg,,,,
Glen Jean,1,Glen Jean,,,,
Big Flats,4,Big Flats,,,,
Solomons,2,Solomons,,,,
Kassel,8,Kassel,,,,
Kearney,5,Kearney,,,,
Pikeville,2,Pikeville,,,,
New Braunfels,2,New Braunfels,,,,
Simpsonville,2,Simpsonville,,,,
Fredericksburg,1,Fredericksburg,,,,
Fort Bragg,2,Fort Bragg,,,,
Thackerville,7,Thackerville,,,,
Poplar Bluff,2,Poplar Bluff,,,,
Homestead,1,Homestead,,,,
Gananoque,1,Gananoque,,,,
Guam,1,Guam,,,,
Stillwater,1,Stillwater,,,,
Wichita Falls,3,Wichita Falls,,,,
Chestertown,1,Chestertown,,,,
Blackfoot,2,Blackfoot,,,,
Escanaba,1,Escanaba,,,,
Great Falls,2,Great Falls,,,,
Big Rapids,1,Big Rapids,,,,
Saint-Éphrem-de-Beauce,5,Saint-Éphrem-de-Beauce,,,,
West Wendover,2,West Wendover,,,,
Rohnert Park,1,Rohnert Park,,,,
North Dartmouth,2,North Dartmouth,,,,
Marietta,2,Marietta,,,,
Brookings,2,Brookings,,,,
Ruston,1,Ruston,,,,
Vällingby,1,Vällingby,,,,
Lewisberry,1,Lewisberry,,,,
Long Branch,1,Long Branch,,,,
Port Jefferson,1,Port Jefferson,,,,
Pascagoula,1,Pascagoula,,,,
Rogers,2,Rogers,,,,
Penthalaz,1,Penthalaz,,,,
Tolmin,1,Tolmin,,,,
Székesfehérvár,2,Székesfehérvár,,,,
Gignac,1,Gignac,,,,
Barolo,3,Barolo,,,,
Moose Jaw,3,Moose Jaw,,,,
Rouyn-Noranda,2,Rouyn-Noranda,,,,
Viveiro,2,Viveiro,,,,
Schloß Holte-Stukenbrock,2,Schloß Holte-Stukenbrock,,,,
Rothenburg ob der Tauber,2,Rothenburg ob der Tauber,,,,
Püttlingen,1,Püttlingen,,,,
Big Bear Lake,1,Big Bear Lake,,,,
San Sebastián de los Reyes,1,San Sebastián de los Reyes,,,,
Szántód,1,Szántód,,,,
Meerhout,1,Meerhout,,,,
Xangri-lá,1,Xangri-lá,,,,
Coffs Harbour,1,Coffs Harbour,,,,
Samara,7,Samara,,,,
Corsept,1,Corsept,,,,
Orillia,10,Orillia,,,,
Avila Beach,1,Avila Beach,,,,
Vesëlovka,1,Vesëlovka,,,,
Sesto San Giovanni,1,Sesto San Giovanni,,,,
Gibbons,4,Gibbons,,,,
Dawson Creek,4,Dawson Creek,,,,
Ulft,1,Ulft,,,,
Terchová,1,Terchová,,,,
Douai,1,Douai,,,,
Provo,1,Provo,,,,
Schijndel,1,Schijndel,,,,
Orange County,1,Orange County,,,,
Trois-Rivières,1,Trois-Rivières,,,,
Palmetto,1,Palmetto,,,,
Radford,2,Radford,,,,
Pennsauken,2,Pennsauken,,,,
Langenau,1,Langenau,,,,
Tessenderlo,1,Tessenderlo,,,,
Sneek,1,Sneek,,,,
Esterhofen,1,Esterhofen,,,,
Waiblingen,1,Waiblingen,,,,
Augsburg,6,Augsburg,,,,
Mount Hood,1,Mount Hood,,,,
Redondo Beach,1,Redondo Beach,,,,
Valdez,1,Valdez,,,,
Logan,1,Logan,,,,
Flagstaff,1,Flagstaff,,,,
Hanau,4,Hanau,,,,
Norco,1,Norco,,,,
Endicott,1,Endicott,,,,
Ebreichsdorf,1,Ebreichsdorf,,,,
Warren,1,Warren,,,,
Bettembourg,3,Bettembourg,,,,
Nishinomiya,2,Nishinomiya,,,,
Nara,3,Nara,,,,
Bayreuth,3,Bayreuth,,,,
Groton,2,Groton,,,,
Largo,1,Largo,,,,
Utica,5,Utica,,,,
Cullowhee,1,Cullowhee,,,,
Aomori,1,Aomori,,,,
Manor,1,Manor,,,,
Port Huron,1,Port Huron,,,,
Tokorozawa,2,Tokorozawa,,,,
Lawrenceville,1,Lawrenceville,,,,
Szeged,1,Szeged,,,,
Taormina,3,Taormina,,,,
Hürth,1,Hürth,,,,
Glauchau,3,Glauchau,,,,
Hahn,1,Hahn,,,,
Conegliano,3,Conegliano,,,,
Cernobbio,3,Cernobbio,,,,
Forlì,2,Forlì,,,,
Clarington,1,Clarington,,,,
Leysin,2,Leysin,,,,
Cittadella,1,Cittadella,,,,
Prato,2,Prato,,,,
Bari,2,Bari,,,,
Heerenveen,2,Heerenveen,,,,
Béziers,2,Béziers,,,,
Dax,1,Dax,,,,
Lido di Camaiore,1,Lido di Camaiore,,,,
Alsdorf,2,Alsdorf,,,,
Vitrolles,1,Vitrolles,,,,
Saint-Jacut-les-Pins,1,Saint-Jacut-les-Pins,,,,
Cornwall,1,Cornwall,,,,
Aix-en-Provence,4,Aix-en-Provence,,,,
Berchem,1,Berchem,,,,
Turnhout,1,Turnhout,,,,
Grivegnée,1,Grivegnée,,,,
Vandoeuvre-les-Nancy,1,Vandoeuvre-les-Nancy,,,,
Quimper,2,Quimper,,,,
Le Petit-Quevilly,2,Le Petit-Quevilly,,,,
Palmerston North,2,Palmerston North,,,,
Sittard,3,Sittard,,,,
Harderwijk,1,Harderwijk,,,,
Tübingen,2,Tübingen,,,,
Eygelshoven,1,Eygelshoven,,,,
Rodange,1,Rodange,,,,
Annecy,1,Annecy,,,,
Weißenohe,1,Weißenohe,,,,
Herenthout,3,Herenthout,,,,
Bangalow,1,Bangalow,,,,
Rettel,1,Rettel,,,,
Vaulx-en-Velin,1,Vaulx-en-Velin,,,,
Krefeld,3,Krefeld,,,,
Ternat,1,Ternat,,,,
Cherry Hill,1,Cherry Hill,,,,
Nogent-sur-Marne,1,Nogent-sur-Marne,,,,
Brockworth,1,Brockworth,,,,
Carshalton,1,Carshalton,,,,
Totnes,1,Totnes,,,,
Cheshire,1,Cheshire,,,,
Halesowen,1,Halesowen,,,,
Redhill,7,Redhill,,,,
Orpington,1,Orpington,,,,
Copthorne,1,Copthorne,,,,
Felbridge,1,Felbridge,,,,
West Sussex,1,West Sussex,,,,
Fall City,1,Fall City,,,,
Targu-Mures,1,Targu-Mures,,,,
Glenside,1,Glenside,,,,
Medicine Hat,2,Medicine Hat,,,,
Pala,1,Pala,,,,
Hinwil,2,Hinwil,,,,
Traverse City,2,Traverse City,,,,
Vacaville,3,Vacaville,,,,
Kempten (Allgäu),2,Kempten (Allgäu),,,,
Marne,1,Marne,,,,
Lierop,1,Lierop,,,,
Allegan,3,Allegan,,,,
Sulingen,2,Sulingen,,,,
Roncade,1,Roncade,,,,
Libertyville,3,Libertyville,,,,
Boone,3,Boone,,,,
College Station,2,College Station,,,,
Green River,1,Green River,,,,
Eastlake,3,Eastlake,,,,
Mineralwells,1,Mineralwells,,,,
Zottegem,2,Zottegem,,,,
Ötztal-Bahnhof,1,Ötztal-Bahnhof,,,,
Sault Ste. Marie,6,Sault Ste. Marie,,,,
Stroudsburg,4,Stroudsburg,,,,
Eschwege,1,Eschwege,,,,
Bildein,1,Bildein,,,,
Lustenau,1,Lustenau,,,,
Horni Benesov,1,Horni Benesov,,,,
Kostrzyn,1,Kostrzyn,,,,
Weiden,1,Weiden,,,,
Cervia,1,Cervia,,,,
Lichtenvoorde,3,Lichtenvoorde,,,,
Burgum,2,Burgum,,,,
Highland Heights,2,Highland Heights,,,,
San Angelo,1,San Angelo,,,,
Hauppauge,1,Hauppauge,,,,
Mulberry,1,Mulberry,,,,
Boynton Beach,1,Boynton Beach,,,,
Steamboat Springs,1,Steamboat Springs,,,,
Saugus,1,Saugus,,,,
Dalton,2,Dalton,,,,
Oberstdorf,1,Oberstdorf,,,,
Madonna di Campiglio,1,Madonna di Campiglio,,,,
Joplin,1,Joplin,,,,
Gilroy,2,Gilroy,,,,
Martindale,1,Martindale,,,,
Red Wing,1,Red Wing,,,,
Moorhead,1,Moorhead,,,,
Troutdale,4,Troutdale,,,,
Brandon,1,Brandon,,,,
West Entrance,1,West Entrance,,,,
Brampton,1,Brampton,,,,
Natick,1,Natick,,,,
Industry,1,Industry,,,,
Alameda,1,Alameda,,,,
Claremore,1,Claremore,,,,
Shoreline,1,Shoreline,,,,
Hedemora,1,Hedemora,,,,
Gäufelden,1,Gäufelden,,,,
Brookvale,1,Brookvale,,,,
Aiken,1,Aiken,,,,
Mosbach,2,Mosbach,,,,
Servigliano,1,Servigliano,,,,
Eisenstadt,1,Eisenstadt,,,,
Antalya,1,Antalya,,,,
Oulu,3,Oulu,,,,
Rishon LeZion,1,Rishon LeZion,,,,
Koriyama,1,Koriyama,,,,
Hakodate,1,Hakodate,,,,
Trier,4,Trier,,,,
Rostock,13,Rostock,,,,
Plzeň,1,Plzeň,,,,
Châlons-en-Champagne,1,Châlons-en-Champagne,,,,
Sigmaringen,1,Sigmaringen,,,,
Arbon,2,Arbon,,,,
Laughlin,1,Laughlin,,,,
Mulvane,1,Mulvane,,,,
Ciudad Juárez,2,Ciudad Juárez,,,,
Chihuahua,1,Chihuahua,,,,
Zacatecas,2,Zacatecas,,,,
Puebla de Zaragoza,1,Puebla de Zaragoza,,,,
Snoqualmie,1,Snoqualmie,,,,
Saint-Julien-en-Genevois,1,Saint-Julien-en-Genevois,,,,
Zadar,1,Zadar,,,,
Kufstein,1,Kufstein,,,,
Lauterbrunnen,2,Lauterbrunnen,,,,
Pardubice,1,Pardubice,,,,
Linköping,2,Linköping,,,,
Slavkov u Brna,1,Slavkov u Brna,,,,
"Wacken, Schleswig-Holstein",2,"Wacken, Schleswig-Holstein",,,,
Ávila,2,Ávila,,,,
Majano,1,Majano,,,,
Tbilisi,1,Tbilisi,,,,
Kavarna,2,Kavarna,,,,
Mâcon,1,Mâcon,,,,
Schwerin,5,Schwerin,,,,
Talcahuano,1,Talcahuano,,,,
Temuco,1,Temuco,,,,
Mendoza,1,Mendoza,,,,
Campinas,2,Campinas,,,,
Belém,1,Belém,,,,
Künzelsau,1,Künzelsau,,,,
Ioannina,1,Ioannina,,,,
Patras,2,Patras,,,,
Heraklion,2,Heraklion,,,,
Troyes,1,Troyes,,,,
Memmingen,2,Memmingen,,,,
Huttwil,1,Huttwil,,,,
Marche-en-Famenne,1,Marche-en-Famenne,,,,
Olomouc,1,Olomouc,,,,
Campofelice di Roccella,1,Campofelice di Roccella,,,,
Ostuni,1,Ostuni,,,,
Pescara,2,Pescara,,,,
Sogliano al Rubicone,1,Sogliano al Rubicone,,,,
Reggio nell'Emilia,2,Reggio nell'Emilia,,,,
Gallarate,1,Gallarate,,,,
Cordova,3,Cordova,,,,
Söderhamn,1,Söderhamn,,,,
Sarpsborg,1,Sarpsborg,,,,
Langesund,2,Langesund,,,,
Sønderborg,1,Sønderborg,,,,
Chambéry,1,Chambéry,,,,
Leksand,1,Leksand,,,,
Jönköping,2,Jönköping,,,,
Le Noirmont,1,Le Noirmont,,,,
Baalbek,1,Baalbek,,,,
Kotka,1,Kotka,,,,
Västerås,1,Västerås,,,,
Lakselv,1,Lakselv,,,,
Mühldorf,1,Mühldorf,,,,
Oberhof,1,Oberhof,,,,
Antofagasta,1,Antofagasta,,,,
Puerto Montt,1,Puerto Montt,,,,
Cosquín,1,Cosquín,,,,
Liberec,2,Liberec,,,,
Bamberg,3,Bamberg,,,,
Cherkasy,1,Cherkasy,,,,
Castellón de la Plana,1,Castellón de la Plana,,,,
Estepona,2,Estepona,,,,
Khanty-Mansijsk,1,Khanty-Mansijsk,,,,
Steinkjer,1,Steinkjer,,,,
Kuopio,1,Kuopio,,,,
Ystad,1,Ystad,,,,
Benediktbeuern,1,Benediktbeuern,,,,
Concepción,2,Concepción,,,,
Le Havre,2,Le Havre,,,,
Perpignan,2,Perpignan,,,,
Châteauroux,1,Châteauroux,,,,
Varese,2,Varese,,,,
Mantova,1,Mantova,,,,
Pordenone,2,Pordenone,,,,
Sarajevo,1,Sarajevo,,,,
Sun City West,3,Sun City West,,,,
Farwell,1,Farwell,,,,
Jelling,1,Jelling,,,,
Hellendoorn,1,Hellendoorn,,,,
Sandnes,1,Sandnes,,,,
Auxerre,1,Auxerre,,,,
Saint-Étienne,2,Saint-Étienne,,,,
La Rochelle,1,La Rochelle,,,,
Andria,1,Andria,,,,
Palermo,1,Palermo,,,,
Parma,2,Parma,,,,
Tirana,1,Tirana,,,,
Vitória,1,Vitória,,,,
Almaty,2,Almaty,,,,
Košice,3,Košice,,,,
Ebikon,1,Ebikon,,,,
Cattolica,1,Cattolica,,,,
Trento,2,Trento,,,,
Stjørdal,1,Stjørdal,,,,
Rica Hotel Bodoe,1,Rica Hotel Bodoe,,,,
Bad Brückenau,1,Bad Brückenau,,,,
Grefrath,1,Grefrath,,,,
Emden,2,Emden,,,,
Wetzlar,2,Wetzlar,,,,
Jyväskylä,1,Jyväskylä,,,,
Totana,1,Totana,,,,
Mérida,3,Mérida,,,,
Ciudad Real,1,Ciudad Real,,,,
Tuuri,1,Tuuri,,,,
Haugesund,2,Haugesund,,,,
Kharkiv,2,Kharkiv,,,,
Como,1,Como,,,,
Roeselare,2,Roeselare,,,,
Izola,2,Izola,,,,
Coburg,1,Coburg,,,,
Uster,1,Uster,,,,
Ringsted,2,Ringsted,,,,
Galveston,1,Galveston,,,,
Debrecen,1,Debrecen,,,,
Cottbus,6,Cottbus,,,,
Goiânia,1,Goiânia,,,,
Lütisburg,1,Lütisburg,,,,
Nandrin,1,Nandrin,,,,
Bad Arolsen,1,Bad Arolsen,,,,
Kamenz,2,Kamenz,,,,
Sarroch,1,Sarroch,,,,
Cosenza,2,Cosenza,,,,
Schupfart,1,Schupfart,,,,
Zwickau,4,Zwickau,,,,
Heidenheim,1,Heidenheim,,,,
Goa,1,Goa,,,,
Belgorod,1,Belgorod,,,,
Pisa,2,Pisa,,,,
Riolo Terme,1,Riolo Terme,,,,
Drøbak,1,Drøbak,,,,
Hell,1,Hell,,,,
Pontoglio,1,Pontoglio,,,,
Garmisch-Partenkirchen,1,Garmisch-Partenkirchen,,,,
Plauen,1,Plauen,,,,
Bad Mergentheim,3,Bad Mergentheim,,,,
Zlín,1,Zlín,,,,
Weißenfels,1,Weißenfels,,,,
Heppenheim an der Bergstrasse,1,Heppenheim an der Bergstrasse,,,,
Mar del Plata,1,Mar del Plata,,,,
Aalen,1,Aalen,,,,
Füssen,1,Füssen,,,,
Chalon-sur-Saône,1,Chalon-sur-Saône,,,,
Harveys Lake,1,Harveys Lake,,,,
Spittal an der Drau,1,Spittal an der Drau,,,,
Bocholt,1,Bocholt,,,,
Cagliari,2,Cagliari,,,,
Ta' Qali,1,Ta' Qali,,,,
High River,1,High River,,,,
Vinhedo,1,Vinhedo,,,,
Santos,1,Santos,,,,
Utsunomiya,1,Utsunomiya,,,,
Kawaguchi,1,Kawaguchi,,,,
Montluçon,1,Montluçon,,,,
Vila-real,1,Vila-real,,,,
Smögen,1,Smögen,,,,
Borgholm,2,Borgholm,,,,
Timrå,1,Timrå,,,,
Falun,1,Falun,,,,
Kockelscheuer,2,Kockelscheuer,,,,
Karlshamn,2,Karlshamn,,,,
Esbjerg,3,Esbjerg,,,,
Suhl,1,Suhl,,,,
Pretoria,2,Pretoria,,,,
Kapfenberg,1,Kapfenberg,,,,
Burgos,1,Burgos,,,,
Wildenrath,1,Wildenrath,,,,
Lonigo,1,Lonigo,,,,
Villingen-Schwenningen,1,Villingen-Schwenningen,,,,
Biedermannsdorf,1,Biedermannsdorf,,,,
Villach,1,Villach,,,,
Bregenz,3,Bregenz,,,,
Lake of Gennesaret,1,Lake of Gennesaret,,,,
Nyíregyháza,1,Nyíregyháza,,,,
Szombathely,1,Szombathely,,,,
Merano,2,Merano,,,,
Jesi,1,Jesi,,,,
Seaside Heights,1,Seaside Heights,,,,
Oakville,1,Oakville,,,,
Sunbury,2,Sunbury,,,,
Kankakee,1,Kankakee,,,,
Riverdale,1,Riverdale,,,,
Speyer,1,Speyer,,,,
Wetzikon,1,Wetzikon,,,,
Lüdenscheid,1,Lüdenscheid,,,,
Elbeuf,1,Elbeuf,,,,
Dourges,1,Dourges,,,,
Créteil,1,Créteil,,,,
Greeley,2,Greeley,,,,
Ewell,1,Ewell,,,,
Epping,2,Epping,,,,
Narberth,1,Narberth,,,,
Wales,1,Wales,,,,
Store Heddinge,2,Store Heddinge,,,,
West Point,3,West Point,,,,
Redding,1,Redding,,,,
Cheney,2,Cheney,,,,
Astoria,1,Astoria,,,,
Redditch,1,Redditch,,,,
Pleasanton,1,Pleasanton,,,,
Taastrup,1,Taastrup,,,,
Chappel,1,Chappel,,,,
Malakoff,1,Malakoff,,,,
Nuuk (Godthåb),1,Nuuk (Godthåb),,,,
Tórshavn,1,Tórshavn,,,,
Girona,1,Girona,,,,
Clacton-on-Sea,1,Clacton-on-Sea,,,,
Lummen,1,Lummen,,,,
Mons,1,Mons,,,,
Figueira da Foz,1,Figueira da Foz,,,,
Sherman Oaks,1,Sherman Oaks,,,,
Los Feliz,1,Los Feliz,,,,
Winooski,1,Winooski,,,,
Rio Rancho,1,Rio Rancho,,,,
Wuppertal,1,Wuppertal,,,,
Loves Park,1,Loves Park,,,,
Lake Villa,1,Lake Villa,,,,
Duncansville,1,Duncansville,,,,
Mount Cotton,1,Mount Cotton,,,,
Hunter Valley,1,Hunter Valley,,,,
Coldstream,1,Coldstream,,,,
Binyamina,2,Binyamina,,,,
Papillion,1,Papillion,,,,
Caluire-et-Cuire,1,Caluire-et-Cuire,,,,
Tunari,1,Tunari,,,,
Skellefteå,1,Skellefteå,,,,
Delhi,1,Delhi,,,,
Warrensburg,1,Warrensburg,,,,
Macomb,1,Macomb,,,,
Saint-Nolff,1,Saint-Nolff,,,,
Beersheba,2,Beersheba,,,,
Yakima,2,Yakima,,,,
Correggio,2,Correggio,,,,
Combined Locks,1,Combined Locks,,,,
Beaulieu,1,Beaulieu,,,,
Montauban,3,Montauban,,,,
Cáceres,1,Cáceres,,,,
Havířov,1,Havířov,,,,
Woburn,1,Woburn,,,,
Uluru National Park,1,Uluru National Park,,,,
Mackay,1,Mackay,,,,
Monaco,1,Monaco,,,,
Zion,1,Zion,,,,
Novara,1,Novara,,,,
Kerkrade,3,Kerkrade,,,,
Obercorn,2,Obercorn,,,,
Sankt Jakob,1,Sankt Jakob,,,,
Pétange,2,Pétange,,,,
Carrara,1,Carrara,,,,
Lauda-Königshofen,1,Lauda-Königshofen,,,,
Vejle,1,Vejle,,,,
Freiberg,3,Freiberg,,,,
Wettingen,1,Wettingen,,,,
Lockport,1,Lockport,,,,
Rensselaer,1,Rensselaer,,,,
Berga,1,Berga,,,,
Hitchin,1,Hitchin,,,,
Zedelgem,1,Zedelgem,,,,
Beringen,1,Beringen,,,,
Herentals,1,Herentals,,,,
Newbridge,1,Newbridge,,,,
Avellaneda,1,Avellaneda,,,,
Villa Park,1,Villa Park,,,,
Biesenthal,2,Biesenthal,,,,
Völklingen,1,Völklingen,,,,
Buchschachen,1,Buchschachen,,,,
Heerlen,1,Heerlen,,,,
Oberwart,1,Oberwart,,,,
Brummen,1,Brummen,,,,
Unna,1,Unna,,,,
Göttingen,1,Göttingen,,,,
Nortrup,1,Nortrup,,,,
Ilmenau,2,Ilmenau,,,,
Ziegenrück,1,Ziegenrück,,,,
Reuterstadt Stavenhagen,2,Reuterstadt Stavenhagen,,,,
Altena,1,Altena,,,,
Hohen Viecheln,1,Hohen Viecheln,,,,
Neu Wulmstorf,1,Neu Wulmstorf,,,,
Leinefelde,1,Leinefelde,,,,
Gera,1,Gera,,,,
Nordhorn,1,Nordhorn,,,,
Wilhelmshaven,1,Wilhelmshaven,,,,
Markneukirchen,1,Markneukirchen,,,,
Röthis,1,Röthis,,,,
Klagenfurt,1,Klagenfurt,,,,
Rendsburg,1,Rendsburg,,,,
Freiwalde,1,Freiwalde,,,,
Lobenstein,2,Lobenstein,,,,
Ebersbrunn,1,Ebersbrunn,,,,
Saalfeld,2,Saalfeld,,,,
Großörner,1,Großörner,,,,
Behringen,1,Behringen,,,,
Neuruppin,1,Neuruppin,,,,
Pößneck,1,Pößneck,,,,
Görkwitz,2,Görkwitz,,,,
Tegau,1,Tegau,,,,
Shelburne,1,Shelburne,,,,
Lingen,1,Lingen,,,,
Paducah,1,Paducah,,,,
Lörrach,2,Lörrach,,,,
Albi,1,Albi,,,,
San Daniele del Friuli,1,San Daniele del Friuli,,,,
Stavern,1,Stavern,,,,
Flensburg,1,Flensburg,,,,
California,1,California,,,,
Holyoke,1,Holyoke,,,,
Lloydminster,1,Lloydminster,,,,
Calella de Palafrugell,2,Calella de Palafrugell,,,,
Paddock Wood,2,Paddock Wood,,,,
Santa Maria,1,Santa Maria,,,,
West Long Branch,2,West Long Branch,,,,
Viareggio,1,Viareggio,,,,
Salina,2,Salina,,,,
Lake Elsinore,1,Lake Elsinore,,,,
Round Rock,1,Round Rock,,,,
Oneonta,1,Oneonta,,,,
Jaén,1,Jaén,,,,
Lorca,1,Lorca,,,,
Alicante,1,Alicante,,,,
Cuenca,1,Cuenca,,,,
Encamp,1,Encamp,,,,
Aosta,2,Aosta,,,,
Varazdin,1,Varazdin,,,,
Punta del Este,1,Punta del Este,,,,
Interlochen,1,Interlochen,,,,
Cooperstown,2,Cooperstown,,,,
Wappingers Falls,2,Wappingers Falls,,,,
Pittsfield,2,Pittsfield,,,,
Comstock Park,2,Comstock Park,,,,
Foggia,1,Foggia,,,,
Capaccio,1,Capaccio,,,,
Le Cannet,1,Le Cannet,,,,
Valladolid,1,Valladolid,,,,
Kilkenny,2,Kilkenny,,,,
Goldendale,1,Goldendale,,,,
Little Falls,1,Little Falls,,,,
Bowie,1,Bowie,,,,
Zebulon,1,Zebulon,,,,
Olean,2,Olean,,,,
Sevierville,1,Sevierville,,,,
Altoona,1,Altoona,,,,
Brockton,1,Brockton,,,,
Alcalá de Henares,1,Alcalá de Henares,,,,
Stra,1,Stra,,,,
Worms,1,Worms,,,,
Bushkill,1,Bushkill,,,,
Ketchum,1,Ketchum,,,,
Big Sky,1,Big Sky,,,,
Winter Park,1,Winter Park,,,,
Elmira,2,Elmira,,,,
Bernalillo,1,Bernalillo,,,,
Red Bluff,1,Red Bluff,,,,
Ravenna,1,Ravenna,,,,
Anzio,1,Anzio,,,,
La Spezia,1,La Spezia,,,,
Bad Reichenhall,1,Bad Reichenhall,,,,
Schwäbisch Gmünd,1,Schwäbisch Gmünd,,,,
Ballina,1,Ballina,,,,
Akita,2,Akita,,,,
Collegno,1,Collegno,,,,
Lisle,1,Lisle,,,,
Boalsburg,1,Boalsburg,,,,
Waltham,3,Waltham,,,,
Kurashiki,1,Kurashiki,,,,
Primm,1,Primm,,,,
Molde,1,Molde,,,,
Tambach,1,Tambach,,,,
Thibodaux,1,Thibodaux,,,,
Fort Pierce,1,Fort Pierce,,,,
Cartagena,1,Cartagena,,,,
Highgate,1,Highgate,,,,
Stratton,1,Stratton,,,,
Patterson,1,Patterson,,,,
Gotha,1,Gotha,,,,
Valparaiso,1,Valparaiso,,,,
Urawa,1,Urawa,,,,
Falcon Heights,2,Falcon Heights,,,,
Huesca,1,Huesca,,,,
Waterford,1,Waterford,,,,
Lock Haven,1,Lock Haven,,,,
Dunkirk,1,Dunkirk,,,,
Luleå,1,Luleå,,,,
Maui,1,Maui,,,,
Corfu,1,Corfu,,,,
Doswell,2,Doswell,,,,
Williamsport,1,Williamsport,,,,
Hannibal,1,Hannibal,,,,
Lampe,1,Lampe,,,,
South Kingston,1,South Kingston,,,,
Joliette,1,Joliette,,,,
Tomelilla,1,Tomelilla,,,,
Carlsbad,1,Carlsbad,,,,
Colombes,1,Colombes,,,,
Hirakata,3,Hirakata,,,,
Gatesville,1,Gatesville,,,,
Hattiesburg,1,Hattiesburg,,,,
Bridgewater,1,Bridgewater,,,,
San Mateo,1,San Mateo,,,,
Gambier,1,Gambier,,,,
Yellow Springs,1,Yellow Springs,,,,
Harlem,1,Harlem,,,,
Branford,1,Branford,,,,
Central City,1,Central City,,,,
Hibbing,4,Hibbing,,,,
Mount Morris,1,Mount Morris,,,,
Seymour,1,Seymour,,,,
Solothurn,1,Solothurn,,,,
Sylvania,1,Sylvania,,,,
Bay City,1,Bay City,,,,
Minnedosa,1,Minnedosa,,,,
Kenora,1,Kenora,,,,
Owen Sound,1,Owen Sound,,,,
Brantford,1,Brantford,,,,
Idaho Falls,1,Idaho Falls,,,,
Grand Island,1,Grand Island,,,,
Perry,1,Perry,,,,
Norwood,1,Norwood,,,,
Sun Valley,1,Sun Valley,,,,
Enumclaw,1,Enumclaw,,,,
Brookline,1,Brookline,,,,
Northfield,1,Northfield,,,,
Shenzhenzhen,1,Shenzhenzhen,,,,
Wuhan,1,Wuhan,,,,
Leoben,1,Leoben,,,,
Aså,1,Aså,,,,
Hayward,1,Hayward,,,,
West Dundee,1,West Dundee,,,,
Racine,1,Racine,,,,
Napanee,1,Napanee,,,,
